tipo,usina,tipo_de_leilao,leilao,pot_MW,garantia_fisica_MW_medio,lotes_vendidos,preco_por_MW,localizacao,fonte,mod,invest_previsto,empresa_consorcio,invest_por_MW
UHE,UHE Foz do Rio Claro,A-5,Leilão 2/2005,68.4,41.0,41,108.04,Caçú e São Simão/GO,Água,PIE,281032620.0,Alusa Engenharia Ltda,4108664.035087719
UHE,UHE São José,A-5,Leilão 2/2005,51.0,30.4,30,115.8,Salvador das Missões e Rolador / RS,Água,PIE,208985970.0,Alusa Engenharia Ltda,4097764.117647059
UHE,UHE Passo São João,A-5,Leilão 2/2005,77.0,39.0,37,112.55,Dezesseis de Novembro e Roque Gonzales / RS,Água,PIE,267595880.0,Eletrosul S.A.,3475271.1688311687
UHE,UHE Simplício,A-5,Leilão 2/2005,337.7,191.3,185,115.38,Sapucaia e Três Rios/RJ e Chiador e Além Paraíba/MG,Água,PIE,1441505800.0,"Furnas
Centrais Elétricas S.A.",4268598.756292568
UHE,UHE Retiro Baixo,A-5,Leilão 2/2005,82.0,38.5,36,114.86,Curvelo e Pompeu/MG,Água,PIE,262417880.0,Orteng Equipamentos e Sistemas Ltda.,3200218.048780488
UHE,UHE Baguari,A-5,Leilão 2/2005,140.0,80.2,77,115.1,"Fernades Tourinho, Governador Valadares, Periquito, Sobrália, Iapú e Alpercata/MG",Água,PIE,487516620.0,"Cemig Geração e Transmissão S.A. (34%), Furnas Centrais Elétricas S.A. (15%) e Neoenergia S.A.
(51%), que compõem o Consórcio Baguari",3482261.5714285714
UTE,UTE Candiota III,A-5,Leilão 2/2005,350.0,303.5,292,124.67,Candiota/RS,Carvão Mineral,PIE,986900000.0,Companhia de Geração Térmica de Energia Elétrica - CGTEE,2819714.285714286
UTE,UTE Costa Pinto (Ampliação),A-5,Leilão 2/2005,56.14,22.0,19,138.99,Piracicaba/SP,Bagaço de Cana-de-Açúcar,AP,158641610.0,Cosan S.A. Bioenergia,2825821.339508372
UTE,UTE Interlagos,A-5,Leilão 2/2005,40.0,20.7,8,114.96,Pereira Barreto/SP,Bagaço de Cana-de-Açúcar,PIE,68370110.0,Usina Interlagos Ltda.,1709252.75
UTE,UTE Quirinópolis,A-5,Leilão 2/2005,40.0,11.6,6,104.0,Quirinópolis/GO,Bagaço de Cana-de-Açúcar,PIE,78800000.0,U.S.J. Açúcar e Álcool S.A.,1970000.0
UTE,UTE Goiânia II,A-5,Leilão 2/2005,140.0,65.3,65,138.94,Aparecida de Goiânia/GO,Óleo Diesel,PIE,232098250.0,"Petrobrás
Distribuidora S.A. (10%) e Benco Engenharia Ltda. (90%), que compõem o Consórcio BR Benco",1657844.642857143
UTE,UTE Colorado (Ampliação),A-3,Leilão 2/2006,32.0,16.0,8,134.21,Guaíra /SP,Bagaço de Cana-de-Açúcar,PIE,75695000.0,Açúcar e Álcool Oswaldo Ribeiro de Mendonça Ltda,2365468.75
UTE,UTE São José (Ampliação),A-3,Leilão 2/2006,50.0,28.3,28,134.2,Macatuba/SP,Bagaço de Cana-de-Açúcar,PIE,184640000.0,Açucareira Zillo Lorenzetti S.A.,3692800.0
UTE,UTE Camaçari Polo de Apoio I,A-3,Leilão 2/2006,148.0,101.4,101,134.3,Camaçari/BA,Óleo Combustível,PIE,250000000.0,"Petrobrás Distribuidora S.A. (30%), Crisga Consultoria em Engenharia Elétrica e Participações Ltda. (20%), WJ Tecnologia Ltda. (15%), Genrent do Brasil Ltda. (20%), Ellocin Brasil Participações e Consultoria Empresarial – ELLOBRAS Ltda. (15%) integrantes do Consórcio BRGEC",1689189.189189189
UTE,UTE Camaçari Muricy I,A-3,Leilão 2/2006,148.0,101.4,101,134.42,Camaçari/BA,Óleo Combustível,PIE,250000000.0,Petrobrás Distribuidora S.A. (50%) e Morro do Conselho Participações Ltda. (50%) integrantes do Consórcio BRMDC,1689189.189189189
UTE,UTE Santa Izabel (Ampliação),A-3,Leilão 2/2006,40.0,11.3,11,134.24,Novo Horizonte/SP,Bagaço de Cana-de-Açúcar,AP,65400000.0,Usina Santa Isabel Ltda.,1635000.0
UTE,UTE Potiguar III,A-3,Leilão 2/2006,66.0,29.5,29,134.25,Macaíba/RN,Óleo Diesel,PIE,55145000.0,Potiguar S.A. – TEP,835530.303030303
UTE,UTE Pau Ferro I,A-3,Leilão 2/2006,94.0,46.5,46,134.31,Igarassú/PE,"Óleo Diesel
(Alternativo: Biodiesel)",PIE,55700000.0,Termomanaus Ltda,592553.1914893617
UTE,UTE Termomanaus,A-3,Leilão 2/2006,142.24,70.4,70,134.31,Cabo de Santo  Agostinho/PE,"Óleo Diesel
(Alternativo: Biodiesel)",PIE,75072000.0,Termomanaus Ltda,527784.0269966254
UTE,UTE Quirinopolis (Ampliação),A-3,Leilão 2/2006,40.0,11.2,11,134.12,Quirinópolis/GO,Bagaço de Cana-de-Açúcar,PIE,78800000.0,U.S.J. Açúcar e Álcool S.A.,1970000.0
PCH,PCH Barra Escondida,A-3,Leilão 2/2006,2.25,1.25,1,124.99,Saudades/SC,Água,PIE,8216000.0,QBEC Projetos e Consultoria Ltda. ,3651555.5555555555
UHE,UHE Dardanelos,A-5,Leilão 4/2006,261.0,154.9,147,112.68,Aripuanã/MT,Água,PIE,574133830.0,"Companhia Hidro Elétrica do São Francisco - CHESF (24,5%), Centrais Elétricas do Norte do Brasil S.A. - ELETRONORTE (24,5%), Neoenergia S.A. (46%), Construtora Norberto Odebrecht (5%), que compõem o Consórcio Aripuanã",2199746.475095785
UHE,UHE Mauá,A-5,Leilão 4/2006,361.0,197.7,192,112.96,Telêmaco Borba e Ortigueira/PR,Água,PIE,882849520.0,"Copel Geração S.A. (51%) e Eletrosul Centrais Elétricas S.A. (49%), que compõem o Consórcio Cruzeiro do Sul",2445566.537396122
UTE,UTE Quatá (Ampliação),A-5,Leilão 4/2006,60.0,10.5,10,137.0,Quatá/SP,Bagaço de Cana-de-Açúcar,PIE,109044000.0,Açucareira Quatá S.A.,1817400.0
UTE,UTE Usina Bonfim,A-5,Leilão 4/2006,59.0,23.4,21,137.6,Guariba/SP,Bagaço de Cana-de-Açúcar,PIE,116140000.0,Corona Bioenergia S.A.,1968474.5762711863
UTE,UTE Ferrari,A-5,Leilão 4/2006,31.0,8.2,8,138.0,Pirassununga/SP,Bagaço de Cana-de-Açúcar,PIE/AP,76816000.0,Ferrari Agorindústria Ltda,2477935.4838709678
UTE,UTE Boa Vista,A-5,Leilão 4/2006,80.0,36.2,11,134.99,Quirinópolis/GO,Bagaço de Cana-de-Açúcar,PIE/AP,153600000.0,Usina Boa Vista S.A.,1920000.0
UTE,UTE Baia Formosa (Ampliação),A-5,Leilão 4/2006,32.0,11.0,11,137.7,Baía Formosa/RN,Bagaço de Cana-de-Açúcar,PIE,41359230.0,Vale Verde Empreendimentos Agrícolas Ltda.,1292475.9375
UTE,UTE Palmeiras de Goiás.,A-5,Leilão 4/2006,174.3,69.8,69,137.6,Palmeiras do Goiás/GO,Óleo Diesel,PIE,272969000.0,Energia Elétrica do Brasil Ltda.,1566087.2059667238
UTE,UTE do Atlântico,A-5,Leilão 4/2006,490.0,419.8,200,136.88,Rio de Janeiro/RJ,Gás de Processo e Vapor de Processo,PIE/AP,1205000000.0,Thyssenkrupp CSA Companhia Siderúrgica,2459183.673469388
UTE,UTE MPX,A-5,Leilão 1/2007,700.0,631.0,615,125.95,Caucaia/CE,Carvão Mineral,PIE,2101430000.0,MPX Mineração e Energia Ltda.,3002042.8571428573
UTE,UTE Termomaranhão,A-5,Leilão 1/2007,350.0,332.7,315,128.95,São Luiz/MA,Carvão Mineral,PIE,1413000000.0,Diferencial Energia Empreendimentos e Participações Ltda.,4037142.8571428573
UTE,UTE Maracanaú II,A-5,Leilão 1/2007,73.71,53.0,51,130.95,Pecém/CE,Óleo OCB1,PIE,183000000.0,Thèrmes Participações S.A.,2482702.482702483
UTE,UTE Suape II,A-5,Leilão 1/2007,355.68,265.4,265,131.49,Cabo de Santo  Agostinho/PE,Óleo Combustível,PIE,590000000.0,"Consórcio MPE Montagens e Projetos Especiais, Petrobras Distribuidora S.A., Ellobras Infra-Estrutura e Participações Ltda., Genrent Participações Ltda., Genpower Energy Participações Ltda.",1658794.4219523168
UTE,UTE Campina Grande,A-3,Leilão 2/2007,164.24,123.6,119,132.83,Campina Grande/PB,"Óleo Combustível B1 (especial)
Alternativo: Óleo Diesel",PIE,369806820.0,Wärtsilä do Brasil Ltda.,2251624.573794447
UTE,UTE Global I,A-3,Leilão 2/2007,143.84,105.3,105,135.9,Candeias/BA,"Óleo Combustível B1
Alternativo: Óleo Diesel",PIE,170000000.0,Global Participações em Energia S.A.,1181868.7430478309
UTE,UTE Global II,A-3,Leilão 2/2007,148.0,109.3,109,135.9,Candeias/BA,"Óleo Combustível B1
Alternativo: Óleo Diesel",PIE,212000000.0,Global Participações em Energia S.A.,1432432.4324324324
UTE,UTE Itapebi,A-3,Leilão 2/2007,137.6,103.7,103,133.6,Itapebi/BA,"Óleo OCB1
Alternativo: Óleo Diesel",PIE,203025000.0,South Bahia Energia Ltda.,1475472.3837209302
UTE,UTE Maracanaú I,A-3,Leilão 2/2007,162.34,122.9,119,133.13,Maracanaú / CE,Óleo Combustível B1,PIE,355200000.0,Thermes Participações S.A.,2188000.492792904
UTE,UTE Monte Pascoal,A-3,Leilão 2/2007,137.6,104.8,104,132.8,Eunápolis/BA,"Óleo Combustível B1
Alternativo: Óleo Diesel",PIE,204310000.0,South Bahia Energia Ltda,1484811.046511628
UTE,UTE Nova Olinda,A-3,Leilão 2/2007,165.0,120.8,120,136.0,Nova Olinda/TO,Óleo combustível B1 especial,PIE,325545380.0,Holdenn Construções Assessoria e Consultoria Ltda.,1973002.303030303
UTE,UTE Termonordeste,A-3,Leilão 2/2007,170.76,123.8,123,135.97,Santa Cruz/RN,"Óleo Combustível B1
Alternativo: Óleo Diesel",PIE,162782000.0,"Termomanaus, Ltda.",953279.4565472008
UTE,UTE Termoparaíba,A-3,Leilão 2/2007,170.8,123.9,123,135.92,Conde/PB,"Óleo Combustível B1
Alternativo: Biodisel e Óleo Diesel",PIE,162782000.0,"Termomanaus, Ltda.",953056.2060889929
UTE,UTE Tocantinópolis,A-3,Leilão 2/2007,165.0,120.8,120,135.9,Tocantinópolis/TO,Óleo combustível B1 especial,PIE,325545380.0,Holdenn Construções Assessoria e Consultoria Ltda.,1973002.303030303
UTE,UTE Viana,A-3,Leilão 2/2007,170.76,121.5,121,133.21,Viana/ES,"Óleo Combustível B1
Alternativo: Óleo Diesel",PIE,386434720.0,Wärtsilä Brasil Ltda.,2263028.343874444
UTE,UTE Ester (Ampliação),FA,Leilão 3/2007,30.0,10.2,7,138.9,Cosmópolis/SP,Bagaço de Cana-de-Açúcar,PIE,70000000.0,Usina Açucareira Ester S.A. ,2333333.3333333335
UTE,UTE Florida Paulista (Ampliação),FA,Leilão 3/2007,40.0,21.8,8,139.12,Flórida Paulista/SP,Bagaço de Cana-de-Açúcar,PIE,63700000.0,Floralco Açúcar e Álcool Ltda.,1592500.0
UTE,UTE Iacanga,FA,Leilão 3/2007,12.0,7.8,4,138.94,Iacanga/SP,Bagaço de Cana-de-Açúcar,PIE,20990000.0,Usina Iacanga de Açúcar e Álcool Ltda.,1749166.6666666667
UTE,UTE Louis Dreyfus Lagoa da Prata,FA,Leilão 3/2007,60.0,29.8,19,139.12,Lagoa da Prata/MG,Bagaço de Cana-de-Açúcar,PIE,60240000.0,Louis Dreyfus Commodities Bioenergia S.A.,1004000.0
UTE,UTE Louis Dreyfus Rio Brilhante,FA,Leilão 3/2007,90.0,48.9,22,139.12,Rio Brilhante/MS,Bagaço de Cana-de-Açúcar,PIE,53000000.0,Louis Dreyfus Commodities Bioenergia S.A.,588888.8888888889
UTE,UTE Pioneiros II,FA,Leilão 3/2007,50.0,16.9,12,139.12,Ilha Solteira/SP,Bagaço de Cana-de-Açúcar,PIE,60240000.0,Pioneiros Bioenergia S.A.,1204800.0
UTE,UTE Santa Cruz AB (Ampliação),FA,Leilão 3/2007,50.0,28.0,20,138.75,Américo Brasiliense/SP,Bagaço de Cana-de-Açúcar,PIE,57100000.0,Santa Cruz S.A. Açúcar e Álcool,1142000.0
UTE,UTE São João da Boa Vista  (Ampliação),FA,Leilão 3/2007,70.0,23.0,23,138.6,São João da Boa Vista/SP,Bagaço de Cana-de-Açúcar,PIE,101300000.0,Dedini Açúcar e Álcool Ltda.,1447142.857142857
UTE,UTE Xanxerê,FA,Leilão 3/2007,30.0,27.1,25,138.5,Xanxerê/SC,Biomassa de Resíduo Sólido Avícola (Alternativo: Resíduos de Madeira),PIE,42408700.0,Fenix Energy Comercialização e Geração de Energia Elétrica Ltda.,1413623.3333333333
PCH,PCH Pedra Furada,FA,Leilão 3/2007,6.5,3.19,3,134.97,Ribeirão e Joaquim Nabuco/PE,Água,PIE,39902000.0,"Arrara, Koblitz Energia Participações Ltda.",6138769.230769231
PCH,PCH Santa Luzia Alto,FA,Leilão 3/2007,28.5,18.42,14,135.0,São Domingos e Ipauçu/SC,Água,PIE,148438080.0,Construtora Gomes Lourenço Ltda.,5208353.684210527
UTE,UTE São Luiz (Abengoa São Luiz),Reserva,Leilão 1/2008,70.0,24.0,8,60.04,Pirassununga/SP,Bagaço de Cana-de-Açúcar,PIE,264000000.0,Abengoa Bioenergia São Luiz S.A.,3771428.5714285714
UTE,UTE Barra Bioenergia,Reserva,Leilão 1/2008,136.0,51.5,34,60.04,Barra Bonita/SP,Bagaço de Cana-de-Açúcar,PIE,344696000.0,Barra Bioenergia S.A. – Filial UTE Barra Bioenergia,2534529.411764706
UTE,UTE Ben Bioenergia,Reserva,Leilão 1/2008,30.0,26.4,24,58.49,Santa Filomena/PI,"Capim Elefante
(Alternativo: resíduo de madeira)",PIE,101435000.0,"BEN – Bioenergia, Geração e Comercialização de Energia do Nordeste Ltda.",3381166.6666666665
UTE,UTE Bioenergética Vale do Paracatu - BEVAP,Reserva,Leilão 1/2008,80.0,39.2,20,60.02,João Pinheiro/MG,"Bagaço de Cana-de-Açúcar
(Alternativo: palha de cana-de-açúcar)",PIE,141000000.0,Bioenergética Vale do Paracatu Ltda.,1762500.0
UTE,UTE Biopav II,Reserva,Leilão 1/2008,140.0,49.6,15,60.02,Brejo Alegre/SP,Bagaço de Cana-de-Açúcar,PIE,210000000.0,Biopav S.A. Açúcar e Álcool. ,1500000.0
UTE,UTE Bonfim (Ampliação),Reserva,Leilão 1/2008,45.0,18.8,10,60.04,Guariba/SP,Bagaço de Cana-de-Açúcar,PIE,261485000.0,Barra Bioenergia S.A. – Filial UTE Bonfim,5810777.777777778
UTE,UTE Cachoeira Dourada,Reserva,Leilão 1/2008,80.0,35.5,15,60.04,Cachoeira Dourada/GO,Bagaço de Cana-de-Açúcar,PIE,147763000.0,U.S.J. - Açúcar e Álcool S.A.,1847037.5
UTE,UTE Caçú I,Reserva,Leilão 1/2008,130.0,35.5,27,60.04,Caçú/GO,Bagaço de Cana-de-Açúcar,PIE,182581000.0,Rio Claro Agroindustrial S.A.,1404469.2307692308
UTE,UTE CBB - Companhia Bioenergética Brasileira,Reserva,Leilão 1/2008,18.1,6.0,6,59.81,Via Boa/GO,Bagaço de Cana-de-Açúcar,PIE,47680000.0,Alda Participação e Agropecuária S.A.,2634254.143646409
UTE,UTE Clealco-Queiroz  (Ampliação),Reserva,Leilão 1/2008,35.0,11.3,7,60.49,Queiroz/SP,Bagaço de Cana-de-Açúcar,PIE,35900000.0,Clealco Açúcar e Álcool S.A.,1025714.2857142857
UTE,UTE Cocal II (Ampliação),Reserva,Leilão 1/2008,120.0,55.5,22,61.0,Narandiba/SP,Bagaço de Cana-de-Açúcar,PIE,197500000.0,Cocal Comércio e Indústria Canaã Açúcar e Álcool Ltda.,1645833.3333333333
UTE,UTE Companhia Energética Vale do São Simão,Reserva,Leilão 1/2008,50.0,12.6,12,59.79,Santa Vitória/MG,Bagaço de Cana-de-Açúcar,PIE,72289000.0,Companhia Energética Vale do São Simão,1445780.0
UTE,UTE Conquista do Pontal,Reserva,Leilão 1/2008,100.0,26.0,22,60.04,Mirante do Paranapanema/SP,Bagaço de Cana-de-Açúcar,PIE,157500000.0,Usina Conquista do Pontal S.A,1575000.0
UTE,UTE Decasa,Reserva,Leilão 1/2008,75.0,43.0,16,59.9,Caiuá/SP,"Bagaço de Cana-de-Açúcar
(Alternativo: palha e ponta de cana-de-açúcar)",PIE,199000000.0,DECASA - Destilaria de Álcool Caiuá S.A.,2653333.3333333335
UTE,UTE Destilaria Andrade (Ampliação),Reserva,Leilão 1/2008,40.2,20.0,20,59.8,Pitangueiras/SP,Bagaço de Cana-de-Açúcar,AP c/ EXCEDENTE,76660000.0,"Consórcio Andrade - Ibitiúva Bioenergética S.A. (58,42% - Líder do Consórcio); e Andrade Açúcar e Álcool S.A. (41,58%) ",1906965.1741293531
UTE,UTE Ferrari (Ampliação),Reserva,Leilão 1/2008,65.5,23.2,6,60.76,Pirassununga/SP,Bagaço de Cana-de-Açúcar,PIE,13365000.0,Ferrari Termoelétrica S.A.,204045.80152671755
UTE,UTE Jataí,Reserva,Leilão 1/2008,105.0,41.0,34,60.04,Jataí/SP,Bagaço de Cana-de-Açúcar,PIE,327780000.0,Cosan Centroeste S.A. Açúcar e Álcool,3121714.285714286
UTE,UTE Noble Energia,Reserva,Leilão 1/2008,30.0,16.0,11,60.0,Sebatianópolis do Sul/AP,Bagaço de Cana-de-Açúcar,PIE,52500000.0,Usina Noroeste Paulista Ltda.,1750000.0
UTE,UTE Noroeste Paulista,Reserva,Leilão 1/2008,78.0,20.4,11,59.97,Sebatianópolis do Sul/AP,Bagaço de Cana-de-Açúcar,PIE,80800000.0,Usina Noroeste Paulista Ltda.,1035897.4358974359
UTE,UTE Porto das Águas,Reserva,Leilão 1/2008,70.0,12.5,12,60.04,Chapadão do Céu/GO,Bagaço de Cana-de-Açúcar,PIE,129658000.0,Usina Porto das Águas Ltda.,1852257.142857143
UTE,UTE Santa Luzia I,Reserva,Leilão 1/2008,130.0,35.5,26,60.04,Nova Alvorada do Sul/MS,Bagaço de Cana-de-Açúcar,PIE,182581000.0,Agro Energia Santa Luzia Ltda.,1404469.2307692308
UTE,UTE São Fernando Açúcar e Álcool,Reserva,Leilão 1/2008,48.0,13.7,5,59.34,Dourados/MS,"Bagaço de Cana-de-Açúcar 
(Alternativo: cavaco de madeira)",PIE,75196000.0,São Fernando Açúcar e Álcool Ltda.,1566583.3333333333
UTE,UTE Ipaussu,Reserva,Leilão 1/2008,62.0,24.3,19,60.04,Ipaussu/SP,Bagaço de Cana-de-Açúcar,PIE,213413000.0,Barra Bioenergia S.A.,3442145.1612903224
UTE,UTE Unidade de Bioenergia Água Emendada,Reserva,Leilão 1/2008,72.7,27.0,27,54.73,Mineiros/GO,"Bagaço de Cana-de-Açúcar 
(Alternativo: resíduos agrícolas)",PIE,96360000.0,Central Energética Água Emendada S.A.,1325447.0426409903
UTE,UTE Unidade de Bioenergia Alto Taquari,Reserva,Leilão 1/2008,72.7,27.0,27,52.69,Alto Taquari/MT,"Bagaço de Cana-de-Açúcar 
(Alternativo: resíduos agrícolas)",PIE,96360000.0,Brenco Companhia Brasileira de Energia Renovável,1325447.0426409903
UTE,UTE Unidade de Bioenergia Costa Rica,Reserva,Leilão 1/2008,72.7,27.0,27,53.74,Costa Rica/MS,"Bagaço de Cana-de-Açúcar 
(Alternativo: resíduos agrícolas)",PIE,96360000.0,Brenco Companhia Brasileira de Energia Renovável,1325447.0426409903
UTE,UTE Unidade de Bioenergia Morro Vermelho,Reserva,Leilão 1/2008,72.7,27.0,27,55.87,Mineiros/GO,"Bagaço de Cana-de-Açúcar 
(Alternativo: resíduos agrícolas)",PIE,96360000.0,Brenco Companhia Brasileira de Energia Renovável,1325447.0426409903
UTE,UTE Chapadão Agroenergia,Reserva,Leilão 1/2008,192.0,39.8,12,60.04,Chapadão do Sul/MS,Bagaço de Cana-de-Açúcar,PIE,340000000.0,Chapadão Agroenergia Ltda.,1770833.3333333333
UTE,UTE Pernambuco IV,A-3,Leilão 2/2008,200.79,112.4,107,130.97,Igarassu/PE,"Óleo Combustível Especial B1
Alternativo:  Óleo Diesel",PIE,329383000.0,Consórcio Pernambuco IV - Multiner S.A. (99% - Líder do Consórcio); e A&G Energia Empreendimentos Ltda. - ME (1%),1640435.2806414664
UTE,UTE Santa Rita de Cássia ,A-3,Leilão 2/2008,174.6,97.8,93,129.79,Santa Rita/PB,"Óleo Combustível Especial B1
Alternativo:  Óleo Diesel",PIE,285259000.0,Consórcio Santa Rita de Cássia - Multiner S.A. (90% - Líder do Consórcio); e Gênesis 2000 Exploração e Produção de Hidrocarbonetos Ltda. (10%),1633785.796105384
UTE,UTE José de Alencar,A-3,Leilão 2/2008,300.0,173.3,169,131.41,Caucaia/CE,Gás Natural Liquefeito,PIE,631249000.0,"Consórcio Agroenergia -  Thermes Participações S.A. (99,952%) e Agroenergia do Norte S.A. (0,047%)  ",2104163.3333333335
UTE,UTE MC2 Catu,A-3,Leilão 2/2008,176.0,105.7,102,126.85,Catu/BA,Óleo Combustível,PIE,327130000.0,"Consórcio MC2 EB BA1 - Ellobras Infraestrutura e Participações Ltda. (0,01%) e 
Águas Guariroba Ambiental Lltda. 99,99%",1858693.1818181819
UTE,UTE MC2 Camaçari 1,A-3,Leilão 2/2008,176.0,105.7,102,125.85,Camaçari/BA,Óleo Combustível,PIE,327130000.0,"Consórcio MC2 EB BA1 - Ellobras Infraestrutura e Participações Ltda. (0,01%) e 
Águas Guariroba Ambiental Ltda. (99,99%)",1858693.1818181819
UTE,UTE MC2 Dias Dávila 1,A-3,Leilão 2/2008,176.0,105.7,102,126.35,Dias Dávila/BA,Óleo Combustível,PIE,327130000.0,"Consórcio MC2 EB BA 2 - Ellobras Infraestrutura e Participações Ltda. (0,01%) e 
Águas Guariroba Ambiental Ltda. (99,99%)",1858693.1818181819
UTE,UTE MC2 Dias Dávila 2,A-3,Leilão 2/2008,176.0,105.7,102,125.35,Dias Dávila/BA,Óleo Combustível,PIE,327130000.0,"Consórcio MC2 EB BA2 - Ellobras Infraestrutura e Participações Ltda. (0,01%) e 
Águas Guariroba Ambiental Ltda. (99,99%)",1858693.1818181819
UTE,UTE MC2 Feira de Santana,A-3,Leilão 2/2008,176.0,105.2,101,127.85,Feira de Santana/BA,Óleo Combustível,PIE,327130000.0,"Consórcio MC2 EC RS BA - Ellocin Brasil Participações e Consultoria Empresarial Ltda. (0,01%) e
Águas Guariroba Ambiental Ltda. (99,99%)",1858693.1818181819
UTE,UTE Linhares,A-3,Leilão 2/2008,204.0,98.7,96,130.0,Linhares/ES,Gás Natural,PIE,283148000.0,Consórcio Linhares - Linhares Energia Ltda (50%) e Fundo de Investimento em Participações Brasil Energia (50%),1387980.3921568627
UTE,UTE MC2 Senhor do Bonfim,A-3,Leilão 2/2008,176.0,105.7,102,127.84,Senhor do Bonfim,Óleo Combustível,PIE,327130000.0,"Consórcio MC2 EB BA3 - Ellobras Infraestrutura e Participações Ltda. (0,01%) e 
Águas Guariroba Ambiental Ltda. (99,99%)",1858693.1818181819
UTE,UTE Cacimbaes,A-5,Leilão 3/2008,126.59,66.2,64,145.0,Linhares/ES,Gás Natural,PIE,261572000.0,"Consórcio Termo Cacimbaes - Thermes Participações S.A. (99,999%) e Spectrum Energy Partners Consultoria Ltda (0,001%) ",2066292.7561418754
UTE,UTE Cauhyra I,A-5,Leilão 3/2008,148.0,68.1,68,146.0,Cariacica/ES,Óleo Combustível B1,PIE,220000000.0,Hexagonal Construções Ltda.,1486486.4864864864
UTE,UTE Escolha,A-5,Leilão 3/2008,337.56,194.1,189,144.5,Cariacica/ES,Gás Natural,PIE,634363000.0,"Consórcio Termo Escolha - Thermes Participações S.A. (33,333%), Spectrum Energy Partners Consultoria Ltda (0,001%) e Trana Construções S.A. (66,666%)",1879259.9834103566
UTE,UTE Iconha,A-5,Leilão 3/2008,184.0,104.1,100,146.0,Iconha/ES,Óleo Combustível 1B,PIE,230850000.0,"Consórcio MC2 BE ES - Benco Energia Ltda. (10%) e
Águas Guariroba Ambiental Ltda. (90%)",1254619.5652173914
UTE,UTE MC2 Camaçari 2,A-5,Leilão 3/2008,176.0,103.3,99,145.98,Camaçari/BA,Óleo Combustível,PIE,327130000.0,"Consórcio MC2 EB BA - Ellobras Infraestrutura e Participações Ltda.(0,01%) e
Águas Guariroba Aambiental Ltda. (99,99%)",1858693.1818181819
UTE,UTE MC2 Camaçari 3,A-5,Leilão 3/2008,176.0,103.3,99,145.97,Camaçari/BA,Óleo Combustível,PIE,327160000.0,"Consórcio MC2 EB BA - Ellobras Infraestrutura e Participações Ltda. (0,01%) e
Águas Guariroba ambiental ltda. 99,99%",1858863.6363636365
UTE,UTE MC2 Governador Mangabeira,A-5,Leilão 3/2008,176.0,103.3,99,146.0,Governador Mangabeira/BA,Óleo Combustível,PIE,327130000.0,"Consórcio MC2 EB BA - Ellobras Infraestrutura e Participações Ltda. (0,01%) e
Águas Guariroba Ambiental Ltda. (99,99%)",1858693.1818181819
UTE,UTE MC2 João Neiva,A-5,Leilão 3/2008,330.0,233.3,225,146.0,João Neiva/ES,Gás Natural Regaseificado (a partir de GNL),PIE,685867000.0,"Consórcio MC2 GP ES RN - Genpower Energy Participações Ltda. (0,01%) e Águas Guariroba Ambiental Ltda. (99,99%)",2078384.8484848484
UTE,UTE MC2 Joinville,A-5,Leilão 3/2008,330.0,233.3,225,146.0,Nova Venécia/ES,Gas Natural,PIE,685867000.0,"Consórcio MC2 EC ES RS - Ellocin Brasil Participações e Consultoria Empresarial Ltda. (0,01%) e
Águas Guariroba Ambiental Ltda. (99,99%)",2078384.8484848484
UTE,UTE MC2 Macaíba,A-5,Leilão 3/2008,400.0,232.6,224,146.0,Macaíba/RN,Óleo Combustível,PIE,641110000.0,"Consórcio MC2 GP ES RN - Genpower Energy Participações Lltda. (0,01%) e 
Águas Guariroba Ambiental Ltda. (99,99%)",1602775.0
UTE,UTE MC2 Messias,A-5,Leilão 3/2008,176.0,101.4,97,146.0,Messias/A.L,Óleo Combustível,PIE,260000000.0,"Consórcio MC2 EB MA AL SE - Ellobras Infraestrutura e Participações Ltda. (0,01%) e
Águas Guariroba Ambiental Ltda. (99,99%)",1477272.7272727273
UTE,UTE MC2 Nossa Senhora do Socorro,A-5,Leilão 3/2008,176.0,100.5,97,146.0,Nossa Senhora do Socorro/SE,Óleo Combustível,PIE,327130000.0,"Consórcio MC2 EB MA AL SE - Ellobras Infraestrutura e Participações Ltda. (0,01%) e
Águas Guariroba Ambiental Ltda. (99,99%)",1858693.1818181819
UTE,UTE MC2 Nova Venecia 2,A-5,Leilão 3/2008,176.0,101.6,98,146.0,Nova Venécia/ES,Óleo Combustível,PIE,327130000.0,"Consórcio MC2 GP ES RN - Genpower Energy Participações Ltda. (0,01%) e
Águas Guariroba Ambiental Ltda. (99,99%)",1858693.1818181819
UTE,UTE MC2 Pecem 2,A-5,Leilão 3/2008,350.0,208.4,201,146.0,Caucaia/CE,Óleo Combustível,PIE,560413000.0,"Consórcio MC2 GP CE - Genpower Energy Participações Ltda. (0,01%) e
Águas Guariroba Ambiental Ltda. (99,99%)",1601180.0
UTE,UTE MC2 Rio Largo,A-5,Leilão 3/2008,176.0,101.4,97,146.0,MessiaS.A.L,Óleo Combustível,PIE,260000000.0,"Consórcio MC2 EB MA AL SE - Ellobras Infraestrutura e Participações Ltda. (0,01%) e
Águas Guariroba Ambiental Ltda. (99,99%)",1477272.7272727273
UTE,UTE MC2 Santo Antonio de Jesus,A-5,Leilão 3/2008,176.0,103.3,99,145.99,Simões Filho/BA,Óleo Combustível,PIE,327130000.0,"Consórcio MC2 EB BA PE - Ellobras Infraestrutura e Participações Ltda. (0,01%) e
Águas Guariroba Ambiental Ltda. (99,99%)",1858693.1818181819
UTE,UTE MC2 Sapeaçu,A-5,Leilão 3/2008,176.0,103.3,99,146.0,Sapeaçu/BA,Óleo Combustível,PIE,327130000.0,"Consórcio MC2 EB BA PE - Ellobras Infraestrutura e Participações Ltda. (0,01%) e
Águas Guariroba Ambiental Ltda. (99,99%)",1858693.1818181819
UTE,UTE MC2 Suape II B,A-5,Leilão 3/2008,350.0,208.4,201,146.0,Suape/PE,Óleo Combustível,PIE,560414000.0,"Consórcio MC2 EB BA PE - Ellobras Infraestrutura e Participações Ltda. (0,01%) e
Águas Guariroba Ambiental Ltda. (99,99%)",1601182.857142857
UTE,UTE Paraúna ,A-5,Leilão 3/2008,114.0,44.7,35,0.0,Paraúna/GO,Bagaço de Cana-de-Açúcar ,PIE,344422000.0,Cosan Centroeste S.A. Açúcar e Álcool,3021245.6140350876
UTE,UTE Pernambuco III,A-5,Leilão 3/2008,200.79,109.2,104,144.7,Igarassu/PE,"Óleo Combustível Especial B1
Alternativo:  Óleo Diesel",PIE,329383000.0,Consórcio PE III - Multiner S.A. (99%) e A&G Energia Empreendimentos Ltda ME (1%) ,1640435.2806414664
UTE,UTE Porto do Pecém II,A-5,Leilão 3/2008,360.0,294.7,276,140.0,São Gonçalo do Amarante/CE,Carvão Mineral Importado,PIE,878689000.0,MPX Energia S.A.,2440802.777777778
UTE,UTE Termopower V,A-5,Leilão 3/2008,200.79,109.2,104,145.9,Cabo de Santo  Agostinho/PE,"Óleo Combustível Especial B1
Alternativo:  Óleo Diesel",PIE,329383000.0,Consórcio TP V - Multiner S.A. (99%) e A&G Energia Empreendimentos Ltda ME (1%) ,1640435.2806414664
UTE,UTE Termopower VI,A-5,Leilão 3/2008,200.79,109.2,104,144.8,Cabo de Santo  Agostinho/PE,"Óleo Combustível Especial B1
Alternativo:  Óleo Diesel",PIE,329383000.0,Consórcio TP VI - Multiner S.A. (99%) e A&G Energia Empreendimentos Ltda ME (1%) ,1640435.2806414664
UHE,UHE Baixo Iguaçu,A-5,Leilão 3/2008,350.0,172.8,121,98.98,"Capanema (PR) 
Capitão Leônidas Marques (PR)",Água,PIE,1090914120.0,Neoenergia S.A.,3116897.4857142856
UTE,UTE Codora,A-3,Leilão 2/2009,48.0,16.2,10,144.6,Goianésia / GO,Bagaço de Cana-de-Açúcar,PIE,126477000.0,Codora Energia Ltda,2634937.5
PCH,PCH Rio Bonito,A-3,Leilão 2/2009,22.5,9.4,1,144.0,Município de Porto União / SC,Água,PIE,32412070.0,Castelo Energética S.A. - CESA,1440536.4444444445
EOL ,EOL Alvorada,Reserva,Leilão 3/2009,7.5,3.97,3,144.94,Caetité / BA,Vento,PIE,30147050.0,Castelo Energética S.A. - CESA,4019606.6666666665
EOL ,EOL Araras,Reserva,Leilão 3/2009,30.0,12.6,12,150.38,Acaraú /CE,Vento,PIE,164608860.0,"Consórcio Araras:
Energimp S.A. (90%) e
Central Eólica Araras (10%)",5486962.0
EOL ,EOL Aratuá 1,Reserva,Leilão 3/2009,14.4,6.92,6,151.77,Guamaré /RN,Vento,PIE,68196000.0,Aratua Central Geradora Eólica S.A.,4735833.333333333
EOL ,EOL Areia Branca,Reserva,Leilão 3/2009,27.3,11.75,11,152.63,Areia Branca /RN,Vento,PIE,143400000.0,"Consórcio Areia Branca:
Eólica Bela Vista Ltda. (0,5%)
Martifer Renováveis Geração de Eneregia e Participações S.A. (50,5%)
CHESF - Companhia Hidro Elétrica do São Francisco (49%)",5252747.252747253
EOL ,EOL Barra dos Coqueiros,Reserva,Leilão 3/2009,30.0,10.5,10,152.5,Barra dos Coqueiros/SE,Vento,PIE,162397500.0,Energen Energias Renováveis S.A.,5413250.0
EOL ,EOL Buriti,Reserva,Leilão 3/2009,30.0,11.09,11,150.38,Acaraú /CE,Vento,PIE,163888360.0,"Consórcio Buriti:
Energimp S.A. (90%)
Central Eólica Buriti S.A. (10%)",5462945.333333333
EOL ,EOL Cabeço Preto,Reserva,Leilão 3/2009,19.8,6.56,6,151.97,João Câmara/RN,Vento,PIE,100918220.0,"Consórcio Gestamp Eólica:
Corporacion Gestamp SL (5%)
Gestamp Eólica Brasil S.A. (95%)",5096879.797979798
EOL ,EOL Cajucoco,Reserva,Leilão 3/2009,30.0,12.09,12,150.38,Itarema /CE,Vento,PIE,165546560.0,"Consórcio Cajucoco:
Energimp S.A. (90%)
Central Eólica Cajucoco (10%)",5518218.666666667
EOL ,EOL Candiba,Reserva,Leilão 3/2009,9.0,4.28,4,144.94,Guanambi/BA,Vento,PIE,35175050.0,Renova Energia S.A.,3908338.888888889
EOL ,EOL Colônia,Reserva,Leilão 3/2009,18.9,8.26,8,149.9,São Gonçalo do Amarante /CE,Vento,PIE,103268050.0,"Consórcio Energio Colonia:
Energio Nordeste Energias Renováveis S.A. (99%)
Central Eólica Colônia Ltda. (1%)",5463917.98941799
EOL ,EOL Coqueiros,Reserva,Leilão 3/2009,27.0,11.6,11,150.38,Acaraú /CE,Vento,PIE,147541030.0,"Consórcio Coqueiro:
Energimp S.A. (90%)
Central Eólica Coqueiro S.A. (10%)",5464482.592592592
EOL ,EOL Coxilha Negra V,Reserva,Leilão 3/2009,30.0,11.33,11,131.0,Santana do Livramento /RS,Vento,PIE,247264520.0,"Consórcio Coxilha Negra V:
Eletrosul Centrais Elétricas S.A. (90%)
Wobben Windpower Indústria e Comércio Ltda. (10%)",8242150.666666667
EOL ,EOL Coxilha Negra  VI,Reserva,Leilão 3/2009,30.0,11.33,11,131.0,Santana do Livramento /RS,Vento,PIE,243659640.0,"Consórcio Coxilha Negra VI:
Eletrosul Centrais Elétricas S.A. (90%)
Wobben Windpower Indústria e Comércio Ltda. (10%)",8121988.0
EOL ,EOL Coxilha Negra  VII,Reserva,Leilão 3/2009,30.0,11.33,11,131.0,Santana do Livramento /RS,Vento,PIE,244741100.0,"Consórcio Coxilha Negra VII:
Eletrosul Centrais Elétricas S.A. (90%)
Wobben Windpower Indústria e Comércio Ltda. (10%)",8158036.666666667
EOL ,EOL Dunas de Paracuru,Reserva,Leilão 3/2009,42.0,19.79,19,149.96,Paracuru/CE,Vento,PIE,189543000.0,"Consórcio Dunas de Paracuru:
Ventos Brasil Comércio E Representações Ltda. (60%)
Inversiones Tenería Empreendimentos do Brasil Ltda. (40%)",4512928.571428572
EOL ,EOL Embuaca,Reserva,Leilão 3/2009,25.2,11.14,11,151.07,Trairí /CE,Vento,PIE,121561000.0,"Consórcio Embuaca:
Eólica Embuaca Ltda. (0,5%)
Martifer Renováveis Geração de Eneregia e Participações S.A.  (99,5%)",4823849.206349206
EOL ,EOL Eurus VI,Reserva,Leilão 3/2009,7.2,3.16,3,150.0,Parazinho /RN,Vento,PIE,39751000.0,Eurus VI Energias Renováveis Ltda.,5520972.222222222
EOL ,EOL Faisa I,Reserva,Leilão 3/2009,25.2,9.37,9,152.66,Trairí /CE,Vento,PIE,137995000.0,"Consórcio Faisa I:
Eólica Faisa Ltda. (0,5%)
Martifer Renováveis Geração de Energia e Participações S.A.  (99,5%)",5475992.063492063
EOL ,EOL Faisa II,Reserva,Leilão 3/2009,25.2,9.54,9,152.65,Trairí /CE,Vento,PIE,137995000.0,"Consórcio Faisa II:
Eólica Faisa Ltda. (0,5%)
Martifer Renováveis Geração de Energia e Participações S.A.  (99,5%)",5475992.063492063
EOL ,EOL Faisa III,Reserva,Leilão 3/2009,25.2,8.31,8,152.69,Trairí /CE,Vento,PIE,137995000.0,"Consórcio Faisa III:
Eólica Faisa Ltda. (0,5%)
Martifer Renováveis Geração de Energia e Participações S.A.  (99,5%)",5475992.063492063
EOL ,EOL Faisa IV,Reserva,Leilão 3/2009,25.2,8.55,8,152.67,Trairí /CE,Vento,PIE,137995000.0,"Consórcio Faisa IV:
Eólica Faisa Ltda. (0,5%)
Martifer Renováveis Geração de Energia e Participações S.A.  (99,5%)",5475992.063492063
EOL ,EOL Faisa V,Reserva,Leilão 3/2009,27.3,9.09,9,152.68,Trairí /CE,Vento,PIE,147488000.0,"Consórcio Faisa V:
Eólica Faisa Ltda. (0,5%)
Martifer Renováveis Geração de Energia e Participações S.A.  (99,5%)",5402490.842490843
EOL ,EOL Fazenda Rosário,Reserva,Leilão 3/2009,8.0,3.29,3,146.0,Palmares do Sul/RS,Vento,PIE,45285210.0,"Consórcio Elecnor Enerfin:
Enerfin do Brasil Sociedade de Energia Ltda. (64%)
Elecnor S.A. (36%)",5660651.25
EOL ,EOL Fazenda Rosário 3,Reserva,Leilão 3/2009,14.0,5.55,5,146.0,Palmares do Sul/RS,Vento,PIE,79249150.0,"Consórcio Elecnor Enerfin:
Enerfin do Brasil Sociedade de Energia Ltda. (64%)
Elecnor S.A. (36%)",5660653.571428572
EOL ,EOL Garças,Reserva,Leilão 3/2009,30.0,13.29,13,150.38,Acaraú/CE,Vento,PIE,164051350.0,"Consórcio Garças:
Energimp S.A. (90%)
Central Eólica Garças S.A. (10%)",5468378.333333333
EOL ,EOL Guanambi,Reserva,Leilão 3/2009,16.5,8.48,8,144.94,Guanambi /BA,Vento,PIE,66319050.0,Renova Energia S.A.,4019336.3636363638
EOL ,EOL Guirapa,Reserva,Leilão 3/2009,27.0,13.6,13,144.94,Guanambi /BA,Vento,PIE,108526050.0,Renova Energia S.A.,4019483.3333333335
EOL ,EOL Icaraí,Reserva,Leilão 3/2009,14.4,7.84,7,151.08,Amontada /CE,Vento,PIE,69151000.0,Martifer Renováveis Geração de Energia e Participações S.A. ,4802152.777777778
EOL ,EOL Icaraí I,Reserva,Leilão 3/2009,27.3,13.01,13,142.0,Amontada /CE,Vento,PIE,149166050.0,"Consórcio Energio Icarai I:
Energio Nordeste Energias Renováveis S.A. (99%)
Central Eólica Icaraí I Ltda. (1%)",5463957.875457875
EOL ,EOL Icaraí II,Reserva,Leilão 3/2009,37.8,18.03,18,142.0,Amontada /CE,Vento,PIE,206537050.0,Consórcio Energio Icarai II: Energio Nordeste Energias Renováveis S.A. (99%) e Central Eólica Icaraí II Ltda. (1%),5463943.121693122
EOL ,EOL Igapora,Reserva,Leilão 3/2009,30.0,13.75,13,146.94,Igaporã /BA,Vento,PIE,120585050.0,Renova Energia S.A.,4019501.6666666665
EOL ,EOL Ilheus,Reserva,Leilão 3/2009,10.5,5.04,5,146.94,Igaporã /BA,Vento,PIE,42203050.0,Renova Energia S.A.,4019338.095238095
EOL ,EOL Lagoa Seca,Reserva,Leilão 3/2009,19.5,8.11,8,152.18,Acaraú /CE,Vento,PIE,109296940.0,"Consórcio Lagoa Seca:
Energimp S.A. (90%)
Central Lagoa Seca S.A. (10%)",5604971.282051282
EOL ,EOL Licínio de Almeida,Reserva,Leilão 3/2009,22.5,10.94,10,144.94,Licínio de Almeida/BA,Vento,PIE,90436050.0,Renova Energia S.A.,4019380.0
EOL ,EOL Macaúbas,Reserva,Leilão 3/2009,30.0,13.4,13,139.99,Brotas de Macaúbas/BA,Vento,PIE,150785000.0,Desenvix S.A.,5026166.666666667
EOL ,EOL Mar e Terra,Reserva,Leilão 3/2009,23.1,8.38,8,152.64,Areia Branca /RN,Vento,PIE,125320000.0,"Consórcio Mar e Terra:
Eólica Mar e Terra Ltda. (0,5%)
Martifer Renováveis Geração de Energia e Participações S.A. (50,5%)
CHESF - Companhia Hidro Elétrica do São Francisco (49%)",5425108.225108225
EOL ,EOL Miassaba 3,Reserva,Leilão 3/2009,50.4,22.84,22,152.07,Guamaré /RN,Vento,PIE,249936000.0,"Consórcio Miassaba - Eletronorte - Centrais Elétricas do Norte do Brasil S.A. (24,5%); Furnas Centrais Elétricas S.A. (24,5%); Bioenergy Geradora de Energia Ltda. (10%); Miassaba Geradora Eólica S.A. (31%) e J. Malucelli Construtora de Obras S.A. (10%)",4959047.619047619
EOL ,EOL Morro dos Ventos I,Reserva,Leilão 3/2009,28.8,13.58,13,151.04,João Câmara /RN,Vento,PIE,136000000.0,"Consórcio Desa Wind I:
Dobreve Energia S.A. (95%)
Dobreve Empreendimentos e Participações Ltda. (4%)
WF Wind Holding I S.A. (1%)",4722222.222222222
EOL ,EOL Morro dos Ventos III,Reserva,Leilão 3/2009,28.8,13.91,13,151.01,João Câmara /RN,Vento,PIE,136000000.0,"Consórcio Desa Wind III:
Dobreve Energia S.A. (95%)
Dobreve Empreendimentos e Participações Ltda. (4%)
WF Wind Holding III S.A. (1%)",4722222.222222222
EOL ,EOL Morro dos Ventos IV,Reserva,Leilão 3/2009,28.8,13.74,13,151.02,João Câmara /RN,Vento,PIE,136000000.0,"Consórcio Desa Wind IV:
Dobreve Energia S.A. (95%)
Dobreve Empreendimentos e Participações Ltda. (4%)
WF Wind Holding IV S.A. (1%)",4722222.222222222
EOL ,EOL Morro dos Ventos VI,Reserva,Leilão 3/2009,28.8,13.1,13,151.03,João Câmara /RN,Vento,PIE,136000000.0,"Consórcio Desa Wind VI:
Dobreve Energia S.A. (95%)
Dobreve Empreendimentos e Participações Ltda. (4%)
WF Wind Holding VI S.A. (1%)",4722222.222222222
EOL ,EOL Morro dos Ventos IX,Reserva,Leilão 3/2009,28.8,14.31,14,151.05,João Câmara /RN,Vento,PIE,136000000.0,"Consórcio Desa Wind IX:
Dobreve Energia S.A. (95%)
Dobreve Empreendimentos e Participações Ltda. (4%)
WF Wind Holding IX S.A. (1%)",4722222.222222222
EOL ,EOL Nossa Senhora Conceição,Reserva,Leilão 3/2009,24.0,12.43,12,146.94,Igaporã /BA,Vento,PIE,96468050.0,Renova Energia S.A.,4019502.0833333335
EOL ,EOL Novo Horizonte,Reserva,Leilão 3/2009,30.0,10.97,10,139.99,Brotas de Macaúbas/BA,Vento,PIE,150785000.0,Desenvix S.A.,5026166.666666667
EOL ,EOL Osório 2,Reserva,Leilão 3/2009,24.0,9.2,9,149.99,Osório /RS,Vento,PIE,114752740.0,"Consórcio Elecnor Enerfin:
Enerfin do Brasil Sociedade de Energia Ltda. (64%)
Elecnor S.A. (36%)",4781364.166666667
EOL ,EOL Pajeu do Vento,Reserva,Leilão 3/2009,24.0,11.8,11,146.94,Caetité/BA,Vento,PIE,93437050.0,Renova Energia S.A.,3893210.4166666665
EOL ,EOL Pedra do Reino,Reserva,Leilão 3/2009,30.0,10.84,10,152.27,Sobradinho/BA,Vento,PIE,150643320.0,"Consórcio Pedra do Reino:
Gestamp Eólica Promociones SL (70%)
Eólica Energia Ltda. (30%)",5021444.0
EOL ,EOL Pindaí,Reserva,Leilão 3/2009,22.5,11.5,11,144.94,Guanambi/BA,Vento,PIE,90436050.0,Renova Energia S.A.,4019380.0
EOL ,EOL Planaltina,Reserva,Leilão 3/2009,25.5,12.27,12,146.94,Caetité /BA,Vento,PIE,99468050.0,Renova Energia S.A.,3900707.843137255
EOL ,EOL Porto Seguro,Reserva,Leilão 3/2009,6.0,2.73,2,146.94,Igaporã /BA,Vento,PIE,24117050.0,Renova Energia S.A.,4019508.3333333335
EOL ,EOL Quixabá,Reserva,Leilão 3/2009,25.2,9.02,9,153.05,Aracati/CE,Vento,PIE,116867000.0,"Consórcio Delta Eólica:
Energimp S.A. (90%)
Usina Geradora Delta/Eólica Ltda. (10%)",4637579.365079366
EOL ,EOL Rei dos Ventos 1,Reserva,Leilão 3/2009,48.6,21.86,21,152.77,Galinhos/RN,Vento,PIE,241589000.0,"Consórcio Eolo:
ELETRONORTE - Centrais Elétricas do Norte do Brasil S.A. (24,5%)
Furnas Centrais Elétricas S.A. (24,5%)
Bioenergy Geradora De Energia Ltda (10%)
Eolo Energy S.A. (31%)
J. Malucelli Construtora de Obras S.A. (10%)",4970967.0781893
EOL ,EOL Rei dos Ventos 3,Reserva,Leilão 3/2009,48.6,21.07,21,153.07,Galinhos/RN,Vento,PIE,241589000.0,"Consórcio Eolo:
ELETRONORTE - Centrais Elétricas do Norte do Brasil S.A. (24,5%)
Furnas Centrais Elétricas S.A. (24,5%)
Bioenergy Geradora de Energia Ltda (10%)
Eolo Energy S.A. (31%)
J. Malucelli Construtora De Obras S.A. (10%)",4970967.0781893
EOL ,EOL Rio Verde,Reserva,Leilão 3/2009,30.0,16.61,16,144.94,Caetité/BA,Vento,PIE,120585050.0,Renova Energia S.A.,4019501.6666666665
EOL ,EOL Sangradouro 2,Reserva,Leilão 3/2009,26.0,9.98,9,149.99,Osório/RS,Vento,PIE,144927110.0,"Consórcio Elecnor Enerfin:
Enerfin do Brasil Sociedade de Energia Ltda. (64%)
Elecnor S.A. (36%)",5574119.615384615
EOL ,EOL Sangradouro 3,Reserva,Leilão 3/2009,24.0,9.22,9,149.99,Osório/RS,Vento,PIE,133778420.0,"Consórcio Elecnor Enerfin:
Enerfin do Brasil Sociedade de Energia Ltda. (64%)
Elecnor S.A. (36%)",5574100.833333333
EOL ,EOL Santa Clara I,Reserva,Leilão 3/2009,28.8,13.71,13,150.0,Parazinho /RN,Vento,PIE,158499000.0,Santa Clara I Energias Renováveis Ltda.,5503437.5
EOL ,EOL Santa Clara II,Reserva,Leilão 3/2009,28.8,12.76,12,150.0,Parazinho /RN,Vento,PIE,158499000.0,Santa Clara II Energias Renováveis Ltda.,5503437.5
EOL ,EOL Santa Clara III,Reserva,Leilão 3/2009,28.8,12.51,12,150.0,Parazinho /RN,Vento,PIE,158499000.0,Santa Clara III Energias Renováveis Ltda.,5503437.5
EOL ,EOL Santa Clara IV,Reserva,Leilão 3/2009,28.8,12.31,12,150.0,Parazinho /RN,Vento,PIE,158499000.0,Santa Clara IV Energias Renováveis Ltda.,5503437.5
EOL ,EOL Santa Clara V,Reserva,Leilão 3/2009,28.8,12.41,12,150.0,Parazinho /RN,Vento,PIE,158499000.0,Santa Clara V Energias Renováveis Ltda.,5503437.5
EOL ,EOL Santa Clara VI,Reserva,Leilão 3/2009,28.8,12.29,12,150.0,Parazinho /RN,Vento,PIE,158499000.0,Santa Clara VI Energias Renováveis Ltda.,5503437.5
EOL ,EOL Seabra,Reserva,Leilão 3/2009,30.0,11.33,11,139.99,Brotas de Macaúbas /BA,Vento,PIE,150785000.0,Desenvix AS,5026166.666666667
EOL ,EOL Serra do Salto,Reserva,Leilão 3/2009,15.0,7.46,7,144.94,Guanambi /BA,Vento,PIE,60293050.0,Renova Energia S.A.,4019536.6666666665
EOL ,EOL Taiba Aguia,Reserva,Leilão 3/2009,23.1,10.69,10,149.9,São Gonçalo do Amarante /CE,Vento,PIE,126218050.0,"Consórcio Energio Taiba Aguia:
Energio Nordeste Energias Renováveis S.A. (99%)
Central Eólica Taíba Águia Ltda. (1%)",5463984.848484848
EOL ,EOL Taiba Andorinha,Reserva,Leilão 3/2009,14.7,6.58,6,149.9,São Gonçalo do Amarante /CE,Vento,PIE,80322050.0,"Consórcio Energio Taiba Andorinha:
Energio Nordeste Energias Renováveis S.A. (99%)
Central Eólica Taíba Andorinha Ltda. (1%)",5464085.034013606
EOL ,EOL Usina de Mangue Seco 1,Reserva,Leilão 3/2009,25.2,12.37,12,149.99,Guamaré /RN,Vento,PIE,138457000.0,"Consórcio Mangue Seco 1:
Petrobras Petróleo Brasileiro S.A. (49%)
Alubar Energia S.A. (51%)",5494325.396825397
EOL ,EOL Usina de Mangue Seco 2,Reserva,Leilão 3/2009,25.2,12.08,12,149.99,Guamaré /RN,Vento,PIE,138457000.0,"Consórcio Mangue Seco 2:
Petrobras Petróleo Brasileiro S.A. (51%)
Eletrobras Centrais Elétricas Brasileiras S.A. (49%)",5494325.396825397
EOL ,EOL Usina de Mangue Seco 3,Reserva,Leilão 3/2009,25.2,12.73,12,149.99,Guamaré /RN,Vento,PIE,138457000.0,"Consórcio Mangue Seco 3:
Petrobras Petróleo Brasileiro S.A. (49%)
Wobben Windpower Ind. e Com. Ltda. (51%)",5494325.396825397
EOL ,EOL Usina de Mangue Seco 5,Reserva,Leilão 3/2009,25.2,13.11,13,149.99,Guamaré /RN,Vento,PIE,138457000.0,"Consórcio Mangue Seco 5:
Petrobras Petróleo Brasileiro S.A. (49%)
Wobben Windpower Ind. e Com. Ltda. (51%)",5494325.396825397
EOL ,EOL Vento do Oeste,Reserva,Leilão 3/2009,19.5,7.81,7,152.18,Acaraú /CE,Vento,PIE,108046630.0,"Consórcio Vento do Oeste:
Energimp S.A. (90%)
Central Eólica Vento do Oeste S.A. (10%)",5540852.820512821
UTE,UTE Santana do Araguaia I (Produto:Barreira do Campo),Sistema Isolado,Leilão 2/2010,34.0,26.0,"0,119",149.0,Santa do Araguaia/PA,Cavaco/Resíduo de Madeira,PIE,121745000.0,Gaia Energia e Participações S.A.,3580735.294117647
UTE,UTE Brasil Bio Fuels S.A,Sistema Isolado,Leilão 2/2010,98.0,82.0,"3,484",149.0,São João da Balisa/RR,Cavaco/Resíduo de Madeira,PIE,58312000.0,Brasil Bio Fuels S.A.,595020.4081632653
UHE,UHE Ferreira Gomes,A-5,Leilão 3/2010,252.0,150.2,105,69.78,AP,Água,PIE,810713000.0, Alupar Investimentos S.A,3217115.0793650793
UHE,UHE Colider,A-5,Leilão 3/2010,300.0,179.6,125,103.4,Nova Canaã do Norte/MT,Água,PIE,1266264270.0,Copel Geração e Transmissão S.A.,4220880.9
UHE,UHE Garibaldi,A-5,Leilão 3/2010,177.9,83.1,58,107.98,Abdon Batista/SC,Água,PIE,719327320.0,Triunfo Participações e Investimentos S.A.,4043436.312535132
PCH,PCH Santa Cruz de Monte Negro,A-5,Leilão 3/2010,17.0,7.73,7,153.73,Monte Negro/RO,Água,PIE,97814050.0, Mega Energia Investimentos e Participações S.A.,5753767.647058823
PCH,PCH Canaã,A-5,Leilão 3/2010,17.0,7.76,7,153.98,Ariquemes/RO,Água,PIE,98801400.0, Mega Energia Investimentos e Participações S.A.,5811847.05882353
PCH,PCH Jamari,A-5,Leilão 3/2010,20.0,9.1,9,154.23,Ariquemes/RO,Água,PIE,100539160.0, Mega Energia Investimentos e Participações S.A.,5026958.0
PCH,PCH Pirapora,A-5,Leilão 3/2010,25.0,17.17,16,154.49,Pirapora do Bom Jesus e Santana do Parnaíba/SP,Água,PIE,118998700.0,Empresa Metropolitana de águas e Energia S.A,4759948.0
EOL ,EOL Cabeço Preto IV,Reserva,Leilão 5/2010,19.8,8.4,"8,4",124.45,João Câmara/RN,Vento,PIE,95477480.0,"Consórcio Gestamp Eólica:
Corporación Gestamp SL (99,9999%)
Gestamp Eólica Brasil S.A. (0,0001%)",4822094.94949495
EOL ,EOL Campo dos Ventos II,Reserva,Leilão 5/2010,30.0,15.0,14,126.19,João Câmara/RN,Vento,PIE,130014000.0,Campo dos Ventos II Energias Renováveis S.A.,4333800.0
EOL ,EOL Cristal,Reserva,Leilão 5/2010,30.0,15.7,15,120.93,BA,Vento,PIE,167340000.0,"Consórcio EBP-Cristal:
ENEL Brasil Participações Ltda. (99%)
Parque Eólico Cristal Ltda. ME (1%)",5578000.0
EOL ,EOL da Prata,Reserva,Leilão 5/2010,19.5,10.1,"10,1",121.25,Igaporã/BA,Vento,PIE,75075050.0,Renova Energia S.A.,3850002.564102564
EOL ,EOL Dos Araçás,Reserva,Leilão 5/2010,30.0,15.5,"13,9",121.25,Pindaí/BA,Vento,PIE,115831010.0,Renova Energia S.A.,3861033.6666666665
EOL ,EOL Eurus I,Reserva,Leilão 5/2010,30.0,15.5,"14,5",124.24,João Câmara/RN,Vento,PIE,111000000.0,"Consórcio Desa Eurus I:
Dobreve Energia S.A. (95%)
Dobreve Empreendimentos e Participações Ltda. (4%)
Eurus I Energias Renováveis S.A. (1%)",3700000.0
EOL ,EOL Eurus II,Reserva,Leilão 5/2010,30.0,15.2,"15,2",121.83,João Câmara/RN,Vento,PIE,112003500.0,"Consórcio Desa Eurus II:
Dobreve Energia S.A. (95%)
Dobreve Empreendimentos e Participações Ltda. (4%)
Eurus II Energias Renováveis S.A. (1%)",3733450.0
EOL ,EOL Eurus III,Reserva,Leilão 5/2010,30.0,16.1,15,124.23,João Câmara/RN,Vento,PIE,111000000.0,"Consórcio Desa Eurus III:
Dobreve Energia S.A. (95%)
Dobreve Empreendimentos e Participações Ltda. (4%)
Eurus III Energias Renováveis S.A. (1%)",3700000.0
EOL ,EOL Fazenda Rosário 2,Reserva,Leilão 5/2010,20.0,8.0,"7,9",125.65,Palmares do Sul/RS,Vento,PIE,101830260.0,"Consórcio Elecnor - Enerfin LER 05
Enerfin do Brasil Sociedade de Energia Ltda. (64%)
Elecnor S.A. (36%)",5091513.0
EOL ,EOL Morrão,Reserva,Leilão 5/2010,30.0,16.1,"14,7",121.25,Guanambi/BA,Vento,PIE,115501050.0,Renova Energia S.A.,3850035.0
EOL ,EOL Pedra do Reino III,Reserva,Leilão 5/2010,18.0,6.8,"6,8",123.98,Sobradinho/BA,Vento,PIE,69320000.0,"Consórcio Pedra do Reino
Gestamp Eolica Promociones S.L. (99,9999%)
Eolica Energia Ltda. (0,0001%)",3851111.111111111
EOL ,EOL Primavera,Reserva,Leilão 5/2010,30.0,16.4,"15,8",120.92,BA,Vento,PIE,165060000.0,"Consórcio EBP-Cristal:
ENEL Brasil Participações Ltda. (99%)
Parque Eólico Cristal Ltda. ME (1%)",5502000.0
EOL ,EOL Renascença V,Reserva,Leilão 5/2010,30.0,15.0,15,121.83,Parazinho/RN,Vento,PIE,111913500.0,Renascença V Energias Renováveis Ltda.,3730450.0
EOL ,EOL São Judas,Reserva,Leilão 5/2010,30.0,15.6,"15,2",120.94,BA,Vento,PIE,172560000.0,"Consórcio EBP-Cristal:
ENEL Brasil Participações Ltda. (99%)
Parque Eólico Cristal Ltda. ME (1%)",5752000.0
EOL ,EOL Seraima,Reserva,Leilão 5/2010,30.0,17.5,"15,3",121.25,Caetité/BA,Vento,PIE,115501050.0,Renova Energia S.A.,3850035.0
EOL ,EOL Serra de Santana I,Reserva,Leilão 5/2010,19.8,9.7,"8,1",124.75,Lagoa Nova/RN,Vento,PIE,96161490.0,"Consórcio Gestamp Eólica:
Corporación Gestamp SL (99,9999%)
Gestamp Eólica Brasil S.A. (0,0001%)",4856640.909090909
EOL ,EOL Serra de Santana II,Reserva,Leilão 5/2010,28.8,13.5,"13,5",125.15,Lagoa Nova/RN,Vento,PIE,136042210.0,"Consórcio Gestamp Eólica:
Corporación Gestamp SL (99,9999%)
Gestamp Eólica Brasil S.A. (0,0001%)",4723687.847222222
EOL ,EOL Serra de Santana III,Reserva,Leilão 5/2010,28.8,12.7,"12,7",124.85,Bodó/RN,Vento,PIE,136042210.0,"Consórcio Gestamp Eólica:
Corporación Gestamp SL (99,9999%)
Gestamp Eólica Brasil S.A. (0,0001%)",4723687.847222222
EOL ,EOL Tanque,Reserva,Leilão 5/2010,24.0,13.9,"13,9",121.25,Guanambi/BA,Vento,PIE,92402050.0,Renova Energia S.A.,3850085.4166666665
EOL ,EOL Ventos do Nordeste,Reserva,Leilão 5/2010,19.5,10.1,"10,1",121.25,Pindaí/BA,Vento,PIE,75075050.0,Renova Energia S.A.,3850002.564102564
PCH,PCH Inxu,Reserva,Leilão 5/2010,20.6,16.5,"16,5",129.93,Campo Novo dos Parecis e Nova Maringá/MT,Água,PIE,123176850.0,"Consórcio Inxu:
Primus Incorporação e Construção Ltda. (11%)
Bimetal Indústria Metalurgica Ltda. (11%)
Mega Brasil Energia S.A. (78%)",5979458.737864077
PCH,PCH São Sebastião,Reserva,Leilão 5/2010,9.9,5.2,"5,2",133.25,Major Gercino/SC,Água,PIE,49872000.0,São Sebastião Empreendimentos S.A.,5037575.757575758
UTE,UTE Alcídia,Reserva,Leilão 5/2010,38.1,15.0,"11,7",154.25,Teodoro Sampaio/SP,Bagaço de Cana-de-Açúcar,PIE,113437900.0,Destilaria Alcídia S.A ,2977372.703412073
UTE,UTE Angélica,Reserva,Leilão 5/2010,64.0,37.6,"1,5",154.25,Angélica/MS,Bagaço de Cana-de-Açúcar,PIE,68037000.0,Angélica Agroenergia Ltda.,1063078.125
UTE,UTE Cevasa,Reserva,Leilão 5/2010,48.0,19.1,7,145.0,Patrocínio Paulista/SP,Bagaço de Cana-de-Açúcar,PIE,68497000.0,Central Energética Vale do Sapucaí Ltda.,1427020.8333333333
UTE,UTE Colorado,Reserva,Leilão 5/2010,52.8,19.0,"0,9",144.0,Guaíra/SP,Bagaço de Cana-de-Açúcar,PIE,3930000.0,Açúcar e Álcool Oswaldo Ribeiro Mendonça Ltda.,74431.81818181819
UTE,UTE da Pedra,Reserva,Leilão 5/2010,70.0,24.4,"24,4",145.48,Serrana/SP,Bagaço de Cana-de-Açúcar,PIE,202600000.0,CPFL Bio Pedra S.A. ,2894285.714285714
UTE,UTE Eldorado,Reserva,Leilão 5/2010,12.0,8.3,"5,9",154.25,Rio Brilhante/MS,Bagaço de Cana-de-Açúcar,PIE,49886620.0,Usina Eldorado S.A.,4157218.3333333335
UTE,UTE Pedro Afonso,Reserva,Leilão 5/2010,80.0,26.7,"18,7",134.25,Pedro Afonso/TO,Bagaço de Cana-de-Açúcar,PIE,162701000.0,Pedro Afonso Açúcar e Bioenergia S.A.,2033762.5
UTE,UTE Porto das Águas,Reserva,Leilão 5/2010,70.0,21.2,"6,3",154.09,Chapadão do Céu/GO,Bagaço de Cana-de-Açúcar,PIE,129658000.0,Usina Porto das Águas Ltda.,1852257.142857143
UTE,UTE Quirinópolis,Reserva,Leilão 5/2010,80.0,22.5,10,133.5,Quririnópolis/GO,Bagaço de Cana-de-Açúcar,PIE,106509000.0,USJ Açúcar e Álcool S.A.,1331362.5
UTE,UTE São Fernando Energia I,Reserva,Leilão 5/2010,50.0,36.0,"3,5",154.4,Dourados/MS,Bagaço de Cana-de-Açúcar,PIE,105984500.0,São Fernando Energia I Ltda.,2119690.0
UTE,UTE São José Colina,Reserva,Leilão 5/2010,83.0,51.0,"33,4",134.9,Colina/SP,Bagaço de Cana-de-Açúcar,PIE,121850000.0,Companhia Energética São José,1468072.2891566264
EOL ,EOL Aratuá 3,FA,Leilão 7/2010,28.8,11.2,"11,2",137.77,Caiçara do Norte/RN,Vento,PIE,113760000.0,Aratuá Central Geradora Eólica S.A.,3950000.0
EOL ,EOL Arizona 1,FA,Leilão 7/2010,28.0,12.9,"12,3",134.59,RN,Vento,PIE,113201730.0,"Consórcio Iberdrola Renováveis e Neoenergia:
Iberdrola Renováveis Do Brasil S.A. (2%)
Iberdrola Renovables S.A. (48%)
Neoenergia S.A. (50%)",4042918.9285714286
EOL ,EOL Asa Branca I,FA,Leilão 7/2010,30.0,13.2,"13,2",135.4,Parazinho/RN,Vento,PIE,111000000.0,"Consórcio Asa Branca I:
Energimp S.A. (88%)
Asa Branca I Energias Renováveis Ltda. (12%)",3700000.0
EOL ,EOL Asa Branca II,FA,Leilão 7/2010,30.0,12.8,"12,8",135.4,Parazinho/RN,Vento,PIE,111000000.0,"Consórcio Asa Branca II:
Energimp S.A. (88%)
Asa Branca I Energias Renováveis Ltda. (12%)",3700000.0
EOL ,EOL Asa Branca III,FA,Leilão 7/2010,30.0,12.5,"12,5",135.4,Parazinho/RN,Vento,PIE,111000000.0,"Consórcio Asa Branca III:
Energimp S.A. (88%)
Asa Branca I Energias Renováveis Ltda. (12%)",3700000.0
EOL ,EOL Asa Branca IV,FA,Leilão 7/2010,30.0,14.0,14,133.0,Parazinho/RN,Vento,PIE,111000000.0,Asa Branca IV Energias Renováveis Ltda.,3700000.0
EOL ,EOL Asa Branca V,FA,Leilão 7/2010,30.0,13.7,"13,6",133.0,Parazinho/RN,Vento,PIE,111000000.0,Asa Branca V Energias Renováveis Ltda.,3700000.0
EOL ,EOL Asa Branca VI,FA,Leilão 7/2010,30.0,14.4,"14,4",133.0,João Câmara/RN,Vento,PIE,111000000.0,Asa Branca VI Energias Renováveis Ltda.,3700000.0
EOL ,EOL Asa Branca VII,FA,Leilão 7/2010,30.0,14.3,"14,3",133.0,Parazinho/RN,Vento,PIE,110970000.0,Asa Branca VII Energias Renováveis Ltda.,3699000.0
EOL ,EOL Asa Branca VIII,FA,Leilão 7/2010,30.0,13.6,"13,5",133.0,Parazinho/RN,Vento,PIE,111000000.0,Asa Branca VIII Energias Renováveis Ltda.,3700000.0
EOL ,EOL Atlântica I,FA,Leilão 7/2010,30.0,13.1,"13,1",135.0,Palmares do Sul/RS,Vento,PIE,114752740.0,"Cobra do Peixe ERB:
Cobra Instalaciones Y Servicios S.A. (99,97%)
Barra do Peixe Montagens e Serviços Ltda. (0,02%)
Energía Regenerativa Brasil Ltda. (0,01%)",3825091.3333333335
EOL ,EOL Atlântica II,FA,Leilão 7/2010,30.0,12.9,"12,9",135.0,Palmares do Sul/RS,Vento,PIE,114752740.0,"Cobra do Peixe ERB:
Cobra Instalaciones Y Servicios S.A. (99,97%)
Barra do Peixe Montagens e Serviços Ltda. (0,02%)
Energía Regenerativa Brasil Ltda. (0,01%)",3825091.3333333335
EOL ,EOL Atlântica IV,FA,Leilão 7/2010,30.0,13.0,13,135.0,Palmares do Sul/RS,Vento,PIE,114752740.0,"Cobra do Peixe ERB:
Cobra Instalaciones Y Servicios S.A. (99,97%)
Barra do Peixe Montagens e Serviços Ltda. (0,02%)
Energía Regenerativa Brasil Ltda. (0,01%)",3825091.3333333335
EOL ,EOL Atlântica V,FA,Leilão 7/2010,30.0,13.7,"13,7",135.0,Palmares do Sul/RS,Vento,PIE,114752740.0,"Cobra do Peixe ERB:
Cobra Instalaciones Y Servicios S.A. (99,97%)
Barra do Peixe Montagens e Serviços Ltda. (0,02%)
Energía Regenerativa Brasil Ltda. (0,01%)",3825091.3333333335
EOL ,EOL Caetité 2,FA,Leilão 7/2010,30.0,11.2,11,137.99,Caetité/BA,Vento,PIE,136513300.0,"Consórcio Iberdrola Renováveis e Neoenergia:
Iberdrola Renováveis Do Brasil S.A. (2%)
Iberdrola Renovables S.A. (48%)
Neoenergia S.A. (50%)",4550443.333333333
EOL ,EOL Caetité 3,FA,Leilão 7/2010,30.0,11.2,"11,1",137.99,Caetité/BA,Vento,PIE,136513300.0,"Consórcio Iberdrola Renováveis e Neoenergia:
Iberdrola Renováveis Do Brasil S.A. (2%)
Iberdrola Renovables S.A. (48%)
Neoenergia S.A. (50%)",4550443.333333333
EOL ,EOL Calango 1,FA,Leilão 7/2010,30.0,13.9,"13,8",132.8,Bodó/RN,Vento,PIE,130353270.0,"Consórcio Iberdrola Renováveis e Neoenergia:
Iberdrola Renováveis Do Brasil S.A. (2%)
Iberdrola Renovables S.A. (48%)
Neoenergia S.A. (50%)",4345109.0
EOL ,EOL Calango 2,FA,Leilão 7/2010,30.0,11.9,"11,8",132.8,Bodó/RN,Vento,PIE,136410070.0,"Consórcio Iberdrola Renováveis e Neoenergia:
Iberdrola Renováveis Do Brasil S.A. (2%)
Iberdrola Renovables S.A. (48%)
Neoenergia S.A. (50%)",4547002.333333333
EOL ,EOL Calango 3,FA,Leilão 7/2010,30.0,13.9,"13,8",132.8,Bodó/RN,Vento,PIE,130353270.0,"Consórcio Iberdrola Renováveis e Neoenergia:
Iberdrola Renováveis Do Brasil S.A. (2%)
Iberdrola Renovables S.A. (48%)
Neoenergia S.A. (50%)",4345109.0
EOL ,EOL Calango 4,FA,Leilão 7/2010,30.0,12.8,"12,8",132.8,Bodó/RN,Vento,PIE,136410070.0,"Consórcio Iberdrola Renováveis e Neoenergia:
Iberdrola Renováveis Do Brasil S.A. (2%)
Iberdrola Renovables S.A. (48%)
Neoenergia S.A. (50%)",4547002.333333333
EOL ,EOL Calango 5,FA,Leilão 7/2010,30.0,13.7,"13,6",132.8,Bodó/RN,Vento,PIE,136410070.0,"Consórcio Iberdrola Renováveis e Neoenergia:
Iberdrola Renováveis Do Brasil S.A. (2%)
Iberdrola Renovables S.A. (48%)
Neoenergia S.A. (50%)",4547002.333333333
EOL ,EOL Casa Nova,FA,Leilão 7/2010,180.0,61.4,"61,4",131.5,BA,Vento,PIE,842166280.0,Companhia Hidro Elétrica do São Francisco - CHESF,4678701.555555556
EOL ,EOL Costa Branca,FA,Leilão 7/2010,20.7,9.8,"9,8",130.43,João Câmara/RN,Vento,PIE,91526000.0,SPE Costa Branca Energia S.A.,4421545.893719807
EOL ,EOL DREEN Boa Vista,FA,Leilão 7/2010,12.6,6.3,"5,7",137.99,Pedra Grande/RN,Vento,PIE,63884930.0,Dreen Brasil Investimentos e Participações S.A.,5070232.53968254
EOL ,EOL DREEN Olho D'água,FA,Leilão 7/2010,30.0,15.3,"14,9",133.97,São Bento do Norte/RN,Vento,PIE,145188020.0,Dreen Brasil Investimentos e Participações S.A.,4839600.666666667
EOL ,EOL DREEN São Bento do Norte,FA,Leilão 7/2010,30.0,14.6,14,133.97,São Bento do Norte/RN,Vento,PIE,143098590.0,Dreen Brasil Investimentos e Participações S.A.,4769953.0
EOL ,EOL Eurus IV,FA,Leilão 7/2010,30.0,13.7,"13,7",135.4,Parazinho/RN,Vento,PIE,111000000.0,"Consórcio Central Geral Eólica Eurus
Energimp S.A. (88%)
Central Geradora Eólica Eurus IV S.A. (12%)",3700000.0
EOL ,EOL Farol,FA,Leilão 7/2010,19.8,10.1,"9,1",133.97,São Bento do Norte/RN,Vento,PIE,90685890.0,Dreen Brasil Investimentos e Participações S.A.,4580095.454545454
EOL ,EOL Juremas,FA,Leilão 7/2010,16.1,7.6,"7,5",136.01,João Câmara/RN,Vento,PIE,71186890.0,SPE Juremas Energia S.A.,4421545.962732919
EOL ,EOL Macacos,FA,Leilão 7/2010,20.7,9.8,"9,7",136.01,João Câmara/RN,Vento,PIE,91526000.0,SPE Macacos Energia S.A.,4421545.893719807
EOL ,EOL Mel 02,FA,Leilão 7/2010,20.0,9.8,"9,3",132.8,Areia Branca/RN,Vento,PIE,89862380.0,"Consórcio Iberdrola Renováveis e Neoenergia:
Iberdrola Renováveis Do Brasil S.A. (2%)
Iberdrola Renovables S.A. (48%)
Neoenergia S.A. (50%)",4493119.0
EOL ,EOL Osório 3,FA,Leilão 7/2010,26.0,10.5,"10,3",137.79,Osório/RS,Vento,PIE,132459300.0,"Consórcio Elecnor-Enerfin LFA 07
Enerfin do Brasil Sociedade de Energia Ltda (64%)
Elecnor S.A. (36%)",5094588.461538462
EOL ,EOL Pedra Branca,FA,Leilão 7/2010,28.8,12.2,"12,2",132.5,Sento Sé/BA,Vento,PIE,129600000.0,"Consórcio Pedra Branca:
Brennand Energia S.A. (50,9%)
Companhia Hidro Elétrica do São Francisco (49,9%)
Brennand Energia Eólica S.A. (0,1%)",4500000.0
EOL ,EOL Pedra Preta,FA,Leilão 7/2010,20.7,10.3,"10,1",130.43,João Câmara/RN,Vento,PIE,91526000.0,SPE Pedra Preta Energia S.A.,4421545.893719807
EOL ,EOL Pontal 2B,FA,Leilão 7/2010,10.8,4.2,"4,2",134.81,Viamão/RS,Vento,PIE,69971680.0,OLEOPLAN S.A. - Oleos Vegetais Planalto,6478859.259259258
EOL ,EOL REB Cassino I,FA,Leilão 7/2010,24.0,8.9,"8,9",136.59,Rio Grande/RS,Vento,PIE,102351080.0,REB Empreendimentos e Administrações de Bens S.A.,4264628.333333333
EOL ,EOL REB Cassino II,FA,Leilão 7/2010,21.0,8.0,8,136.6,Rio Grande/RS,Vento,PIE,89776490.0,REB Empreendimentos e Administrações de Bens S.A.,4275070.952380952
EOL ,EOL REB Cassino III,FA,Leilão 7/2010,24.0,9.5,"9,5",136.58,Rio Grande/RS,Vento,PIE,102351080.0,REB Empreendimentos e Administrações de Bens S.A.,4264628.333333333
EOL ,EOL Renascença I,FA,Leilão 7/2010,30.0,14.0,"13,2",132.0,Parazinho/RN,Vento,PIE,143434000.0,"Consórcio Renascença I:
Renascença I Energias Renováveis Ltda. (0,01%)
Energisa S.A. (99,99%)",4781133.333333333
EOL ,EOL Renascença II,FA,Leilão 7/2010,30.0,14.2,"12,6",126.0,Parazinho/RN,Vento,PIE,143434000.0,"Consórcio Renascença II:
Renascença II Energias Renováveis Ltda. (0,01%)
Energisa S.A. (99,99%)",4781133.333333333
EOL ,EOL Renascença III,FA,Leilão 7/2010,30.0,14.1,"11,8",118.0,Parazinho/RN,Vento,PIE,143434000.0,"Consórcio Renascença III:
Renascença III Energias Renováveis Ltda. (0,01%)
Energisa S.A. (99,99%)",4781133.333333333
EOL ,EOL Renascença IV,FA,Leilão 7/2010,30.0,14.0,"11,2",112.0,Parazinho/RN,Vento,PIE,143434000.0,"Consórcio Renascença IV:
Renascença IV Energias Renováveis Ltda. (0,01%)
Energisa S.A. (99,99%)",4781133.333333333
EOL ,EOL São Pedro do Lago,FA,Leilão 7/2010,28.8,13.5,"13,2",132.5,Sento Sé/BA,Vento,PIE,129600000.0,"Consórcio São Pedro do Lago:
Brennand Energia S.A. (50,9%)
Companhia Hidro Elétrica do São Francisco (49,9%)
Brennand Energia Eólica S.A. (0,1%)",4500000.0
EOL ,EOL Sete Gameleiras,FA,Leilão 7/2010,28.8,12.6,"12,5",132.5,Sento Sé/BA,Vento,PIE,129600000.0,"Consórcio Sete Gameleiras:
Brennand Energia S.A. (50,9%)
Companhia Hidro Elétrica do São Francisco - CHESF (49,9%)
Brennand Energia Eólica S.A. (0,1%)",4500000.0
EOL ,EOL Vento Formoso,FA,Leilão 7/2010,30.0,13.5,"13,5",135.0,Ubajara/CE,Vento,PIE,111000000.0,"Consórcio Vento Formoso:
Energimp S.A. (88%)
Vento Formoso Energias Renovaveis Ltda. (12%)",3700000.0
EOL ,EOL Ventos de São Miguel,FA,Leilão 7/2010,30.0,12.4,"10,9",109.0,Parazinho/RN,Vento,PIE,111000000.0,"Consórcio São Miguel:
Ventos de São Miguel Energias Renováveis Ltda. (0,01%)
Energisa S.A. (99,99%)",3700000.0
EOL ,EOL Ventos de Tianguá,FA,Leilão 7/2010,30.0,13.1,"13,1",133.4,Tianguá/CE,Vento,PIE,111000000.0,"Consórcio Ventos de Tianguá
Energimp S.A. (88%)
Ventos do Tianguá Energias Renováveis Ltda. (12%)",3700000.0
EOL ,EOL Ventos de Tianguá Norte,FA,Leilão 7/2010,30.0,14.1,"14,1",141.0,Tianguá/CE,Vento,PIE,111000000.0,"Consórcio Ventos de Tianguá Norte:
Energimp S.A. (88%)
Ventos do Tianguá Norte Energias Renováveis Ltda. (12%)",3700000.0
EOL ,EOL Ventos do Morro do Chapéu,FA,Leilão 7/2010,30.0,13.1,"13,1",133.4,Tianguá/CE,Vento,PIE,111000000.0,"Consórcio Ventos do Morro do Chapéu:
Energimp S.A. (88%)
Ventos do Morro do Chapéu Energias Renováveis Ltda. (12%)",3700000.0
EOL ,EOL Ventos do Parazinho,FA,Leilão 7/2010,30.0,14.0,14,133.32,Ubajara/CE,Vento,PIE,111000000.0,"Consórcio Ventos do Parazinho:
Energimp S.A. (88%)
Ventos do Parazinho Energias Renováveis Ltda. (12%)",3700000.0
PCH,PCH Cavernoso II,FA,Leilão 7/2010,19.0,10.6,"7,6",146.99,Virmond e Candói/PR ,Água,PIE,101639520.0,COPEL Geração e Transmissão S.A.,5349448.421052632
PCH,PCH Galheiros I,FA,Leilão 7/2010,11.0,6.4,"6,4",144.5,GO ,Água,PIE,37718960.0,Galheiros Geração de Energia Elétrica S.A.,3428996.3636363638
PCH,PCH Queixada,FA,Leilão 7/2010,30.0,21.6,"16,6",148.39,Itarumã e Aporé/GO ,Água,PIE,198628220.0,Queixada Energética S.A.,6620940.666666667
PCH,PCH Salto Goes,FA,Leilão 7/2010,20.0,11.1,"11,1",147.47,"Tangará,/SC ",Água,PIE,125476590.0,SPE Salto Góes Energia S.A.,6273829.5
PCH,PCH Unaí Baixo,FA,Leilão 7/2010,21.0,12.7,"6,4",144.98,Unaí/MG ,Água,PIE,124763000.0,Unaí Baixo Energética S.A.,5941095.238095238
UTE,UTE Mandu,FA,Leilão 7/2010,65.0,36.5,"22,3",137.92,Guaíra/SP,Bagaço de Cana-de-Açúcar,PIE,98300000.0,Usina Mandu S.A.,1512307.6923076923
UHE,UHE Santo Antonio do Jari,A-5,Leilão 4/2010,300.0,196.1,190,104.0,AP,Água,PIE,1537495000.0,"Consórcio Amapá Energia – CAE:
ECE Participações S.A. (líder) (90%)
Jari Energética S.A (10%)",5124983.333333333
UHE,UHE Jirau (Ampliação),A-3,Leilão 2/2011,450.0,209.3,209,102.0,RO ,Água,PIE,1514278640.0,Energia Sustentável do Brasil S.A.,3365063.644444444
EOL,EOL Ametista,A-3,Leilão 2/2011,28.8,13.9,"13,9",98.53,BA ,Vento,PIE,113200030.0,Renova Energia S.A.,3930556.597222222
UTE,UTE Baixada Fluminense,A-3,Leilão 2/2011,530.0,430.2,299,104.75,RJ ,Gás Natural,PIE,986321620.0,Petróleo Brasileiro S.A.,1860984.1886792453
EOL,EOL Borgo,A-3,Leilão 2/2011,19.2,9.7,"9,7",98.53,BA ,Vento,PIE,56602030.0,Renova Energia S.A.,2948022.3958333335
EOL,EOL Caetité,A-3,Leilão 2/2011,28.8,14.7,"14,3",98.53,BA ,Vento,PIE,113200030.0,Renova Energia S.A.,3930556.597222222
EOL,EOL Cataventos Paracuru 1,A-3,Leilão 2/2011,30.0,14.2,"14,2",102.97,CE ,Vento,PIE,117432000.0,"Consórcio Cataventos Paracuru 1:
Cataventos do Paracuru, Ltda
Tecneira - Tecnologias Energéticas, S.A.",3914400.0
EOL,EOL Cerro Chato IV,A-3,Leilão 2/2011,10.0,3.3,"3,3",97.17,RS ,Vento,PIE,52057910.0,"Consórcio Cerro Chato IV:
Eletrosul Centrais Elétricas S.A.
Rio Bravo Energia I - Fundo de Investimento em Participações
Fundação Eletrosul de Previdência e Assistência Social - ELOS",5205791.0
EOL,EOL Cerro Chato V,A-3,Leilão 2/2011,12.0,4.0,4,96.85,RS ,Vento,PIE,59592770.0,"Consórcio Cerro Chato V: 
Eletrosul Centrais Elétricas S.A.
Rio Bravo Energia I - Fundo de Investimento em Participações
Fundação Eletrosul de Previdência e Assistência Social - ELOS",4966064.166666667
EOL,EOL Cerro Chato VI,A-3,Leilão 2/2011,30.0,9.3,"9,3",96.39,RS ,Vento,PIE,127406580.0,"Consórcio Cerro Chato VI: :
Eletrosul Centrais Elétricas S.A.
Rio Bravo Energia I - Fundo de Investimento em Participações
Fundação Eletrosul de Previdência e Assistência Social - ELOS",4246886.0
EOL,Cerro dos Trindade,A-3,Leilão 2/2011,8.0,2.8,"2,8",97.32,RS ,Vento,PIE,44523030.0,"Consórcio Cerro dos Trindade: 
Eletrosul Centrais Elétricas S.A.
Rio Bravo Energia I - Fundo de Investimento em Participações
Fundação Eletrosul de Previdência e Assistência Social - ELOS",5565378.75
EOL,EOL Chuí I,A-3,Leilão 2/2011,24.0,10.2,"10,2",102.55,RS ,Vento,PIE,91305000.0,"Consórcio Chuí I: 
Eletrosul Centrais Elétricas S.A.
Rio Bravo Energia I - Fundo de Investimento em Participações
Chuí Energia Eólica Ltda.",3804375.0
EOL,EOL Chuí II,A-3,Leilão 2/2011,22.0,8.9,"8,9",102.89,RS ,Vento,PIE,84030000.0,"Consórcio Chuí II:
Eletrosul Centrais Elétricas S.A.
Rio Bravo Energia I - Fundo de Investimento em Participações
Chuí Energia Eólica Ltda.",3819545.4545454546
EOL,EOL Chuí IV,A-3,Leilão 2/2011,22.0,8.8,"8,8",102.91,RS ,Vento,PIE,84030000.0,"Consórcio Chuí IV:
Eletrosul Centrais Elétricas S.A.
Rio Bravo Energia I - Fundo de Investimento em Participações
Chuí Energia Eólica Ltda.",3819545.4545454546
EOL,EOL Chuí V,A-3,Leilão 2/2011,30.0,12.5,"12,5",103.78,RS ,Vento,PIE,114065000.0,"Consórcio Chuí V:
Eletrosul Centrais Elétricas S.A.
Rio Bravo Energia I - Fundo de Investimento em Participações
Chuí Energia Eólica Ltda.",3802166.6666666665
EOL,EOL Delta do Parnaíba,A-3,Leilão 2/2011,28.8,15.0,"14,8",100.13,PI ,Vento,PIE,108568910.0,"Consórcio Omega - Complexo Delta: 
Omega Energia Renovável S.A.
Seawest do Brasil - Projetos e Participações Ltda.
Zeta Energia S.A.",3769753.8194444445
EOL,EOL Dourados,A-3,Leilão 2/2011,28.8,13.2,"13,2",98.53,BA ,Vento,PIE,113200030.0,Renova Energia S.A.,3930556.597222222
EOL,EOL Emiliana,A-3,Leilão 2/2011,27.2,12.7,"4,5",98.51,BA ,Vento,PIE,135093600.0,"Consórcio EGP - Curva dos Ventos: 
Enel Brasil Participações Ltda.
Parque Eólico Curva dos Ventos Ltda",4966676.470588235
EOL,EOL Espigão,A-3,Leilão 2/2011,9.6,5.0,"4,9",98.53,BA ,Vento,PIE,44023020.0,Renova Energia S.A.,4585731.25
UTE,UTE Iaco,A-3,Leilão 2/2011,30.0,12.8,4,101.99,MS ,Bagaço de Cana-de-Açúcar,PIE,74276490.0,Iaco Agrícola S.A.,2475883.0
EOL,EOL Ibirapuitã I,A-3,Leilão 2/2011,30.0,9.6,"9,6",96.49,RS ,Vento,PIE,127406580.0,"Consórcio Ibirapuitã I: 
Eletrosul Centrais Elétricas S.A.
Rio Bravo Energia I - Fundo de Investimento em Participações
Fundação Eletrosul de Previdência e Assistência Social - ELOS",4246886.0
EOL,EOL Joana,A-3,Leilão 2/2011,25.6,12.2,"5,9",98.5,BA ,Vento,PIE,130672800.0,"Consórcio EGP - Curva dos Ventos 
Enel Brasil Participações Ltda.
Parque Eólico Curva dos Ventos Ltda",5104406.25
UTE,UTE Maranhão III,A-3,Leilão 2/2011,499.2,470.7,400,101.9,MA ,Gás Natural,PIE,1111055000.0,MPX Energia S.A.,2225671.073717949
EOL,EOL Maron,A-3,Leilão 2/2011,28.8,15.4,"13,8",98.53,BA ,Vento,PIE,113200030.0,Renova Energia S.A.,3930556.597222222
EOL,EOL Minuano I,A-3,Leilão 2/2011,22.0,9.4,"9,4",101.34,RS ,Vento,PIE,84030000.0,"Consórcio Minuano I: 
Eletrosul Centrais Elétricas S.A.
Rio Bravo Energia I - Fundo de Investimento em Participações
Minuano Energia Eólica Ltda.",3819545.4545454546
EOL,EOL Minuano II,A-3,Leilão 2/2011,24.0,10.1,"10,1",100.62,RS ,Vento,PIE,91305000.0,"Consórcio Minuano II: 
Eletrosul Centrais Elétricas S.A.
Rio Bravo Energia I - Fundo de Investimento em Participações
Minuano Energia Eólica Ltda.",3804375.0
EOL,EOL Modelo I,A-3,Leilão 2/2011,28.8,15.9,"3,6",98.52,RN ,Vento,PIE,117492370.0,"Consórcio EGP- Endesa: 
Enel Brasil Participações Ltda.
Endesa Brasil S.A.",4079596.1805555555
EOL,EOL Modelo II,A-3,Leilão 2/2011,24.0,12.4,"2,8",98.53,RN ,Vento,PIE,98422790.0,"Consórcio EGP- Endesa 
Enel Brasil Participações Ltda.
Endesa Brasil S.A.",4100949.5833333335
UTE,UTE Paranapanema,A-3,Leilão 2/2011,60.0,24.7,"12,4",101.49,SP ,Bagaço de Cana-de-Açúcar,PIE,107100000.0,UMOE Bioenergy S.A.,1785000.0
UTE,UTE Passa Tempo,A-3,Leilão 2/2011,67.8,24.2,"21,8",103.29,MS ,Bagaço de Cana-de-Açúcar,PIE,139709320.0,LDC Bioenergia S.A.,2060609.4395280236
EOL,EOL Pau Ferro,A-3,Leilão 2/2011,30.0,14.9,"5,5",98.54,PE ,Vento,PIE,145200000.0,"Consórcio EGP - Fontes dos Ventos 
Enel Brasil Participações Ltda.
Parque Eólico Fontes dos Ventos Ltda.",4840000.0
EOL,EOL Pedra do Gerônimo,A-3,Leilão 2/2011,30.0,12.4,"3,6",98.56,PE ,Vento,PIE,139980000.0,"Consórcio EGP - Fontes dos Ventos 
Enel Brasil Participações Ltda.
Parque Eólico Fontes dos Ventos Ltda.",4666000.0
EOL,EOL Pelourinho,A-3,Leilão 2/2011,22.4,11.8,"11,8",98.53,BA ,Vento,PIE,88047030.0,Renova Energia S.A.,3930670.9821428573
EOL,EOL Pilões,A-3,Leilão 2/2011,28.8,15.5,"13,1",98.53,BA ,Vento,PIE,113200030.0,Renova Energia S.A.,3930556.597222222
EOL,EOL Porto das Barcas,A-3,Leilão 2/2011,28.8,14.8,"8,9",100.16,PI ,Vento,PIE,108568910.0,"Consórcio Omega - Complexo Delta: 
Omega Energia Renovável S.A.
Seawest do Brasil - Projetos e Participações Ltda.
Zeta Energia S.A.",3769753.8194444445
EOL,EOL Porto Salgado,A-3,Leilão 2/2011,18.0,9.1,"9,1",100.17,PI ,Vento,PIE,67855580.0,"Consórcio Omega - Porto Salgado 
Omega Energia Renovável S.A.
Zeta Energia S.A.",3769754.4444444445
EOL,EOL Santo Antonio de Pádua,A-3,Leilão 2/2011,16.1,8.2,"6,4",104.23,CE ,Vento,PIE,61727000.0,Central Eólica Santo Antônio de Pádua S.A.,3833975.1552795027
EOL,EOL São Cristóvão,A-3,Leilão 2/2011,29.9,14.2,"12,9",103.79,CE ,Vento,PIE,111343000.0,Central Eólica São Cristóvão S.A.,3723846.153846154
EOL,EOL São Jorge,A-3,Leilão 2/2011,27.6,13.2,"12,1",103.98,CE ,Vento,PIE,104897000.0,Central Eólica São Jorge S.A.,3800615.9420289854
EOL,EOL Serra do Espinhaço,A-3,Leilão 2/2011,17.6,8.9,"8,9",98.53,BA ,Vento,PIE,69179030.0,Renova Energia S.A.,3930626.704545454
EOL,EOL Tacaicó,A-3,Leilão 2/2011,18.0,8.8,4,98.55,PE ,Vento,PIE,89724000.0,"Consórcio EGP - Fontes dos Ventos 
Enel Brasil Participações Ltda.
Parque Eólico Fontes dos Ventos Ltda.",4984666.666666667
UTE,UTE Vale do Tijuco II,A-3,Leilão 2/2011,40.0,30.0,9,102.3,MG ,Bagaço de Cana-de-Açúcar,PIE,68720000.0,Vale do Tijuco Açúcar e Álcool Ltda.,1718000.0
EOL,EOL Verace I,A-3,Leilão 2/2011,20.0,8.5,"8,5",98.5,RS ,Vento,PIE,76110000.0,"Consórcio Verace I: 
Eletrosul Centrais Elétricas S.A.
Rio Bravo Energia I - Fundo de Investimento em Participações
Verace Energia Eólica Ltda.",3805500.0
EOL,EOL Verace II,A-3,Leilão 2/2011,20.0,8.3,"8,3",98.64,RS ,Vento,PIE,76110000.0,"Consórcio Verace II: 
Eletrosul Centrais Elétricas S.A.
Rio Bravo Energia I - Fundo de Investimento em Participações
Verace Energia Eólica Ltda.",3805500.0
EOL,EOL Verace III,A-3,Leilão 2/2011,26.0,11.0,11,98.19,RS ,Vento,PIE,98944000.0,"Consórcio Verace III: 
Eletrosul Centrais Elétricas S.A.
Rio Bravo Energia I - Fundo de Investimento em Participações
Verace Energia Eólica Ltda.",3805538.4615384615
EOL,EOL Verace IV,A-3,Leilão 2/2011,30.0,13.1,"13,1",97.74,RS ,Vento,PIE,114065000.0,"Consórcio Verace VI: 
Eletrosul Centrais Elétricas S.A.
Rio Bravo Energia I - Fundo de Investimento em Participações
Verace Energia Eólica Ltda.",3802166.6666666665
EOL,EOL Verace IX,A-3,Leilão 2/2011,30.0,12.7,"12,7",98.21,RS ,Vento,PIE,114065000.0,"Consórcio Verace IX:
Eletrosul Centrais Elétricas S.A.
Rio Bravo Energia I - Fundo de Investimento em Participações
Verace Energia Eólica Ltda.",3802166.6666666665
EOL,EOL Verace V,A-3,Leilão 2/2011,30.0,12.4,"12,4",98.21,RS ,Vento,PIE,114065000.0,"Consórcio Verace V:
Eletrosul Centrais Elétricas S.A.
Rio Bravo Energia I - Fundo de Investimento em Participações
Verace Energia Eólica Ltda.",3802166.6666666665
EOL,EOL Verace VI,A-3,Leilão 2/2011,18.0,7.6,"7,6",98.47,RS ,Vento,PIE,68511000.0,"Consórcio Verace VI:
Eletrosul Centrais Elétricas S.A.
Rio Bravo Energia I - Fundo de Investimento em Participações
Verace Energia Eólica Ltda.",3806166.6666666665
EOL,EOL Verace VII,A-3,Leilão 2/2011,30.0,12.7,"12,7",97.86,RS ,Vento,PIE,114065000.0,"Consórcio Verace VII:
Eletrosul Centrais Elétricas S.A.
Rio Bravo Energia I - Fundo de Investimento em Participações
Verace Energia Eólica Ltda.",3802166.6666666665
EOL,EOL Verace VIII,A-3,Leilão 2/2011,26.0,10.8,"10,8",98.19,RS ,Vento,PIE,98944000.0,"Consórcio Verace VIII:
Eletrosul Centrais Elétricas S.A.
Rio Bravo Energia I - Fundo de Investimento em Participações
Verace Energia Eólica Ltda.",3805538.4615384615
EOL,EOL Verace X,A-3,Leilão 2/2011,28.0,12.1,"12,1",98.43,RS ,Vento,PIE,106568000.0,"Consórcio Verace X
Eletrosul Centrais Elétricas S.A.
Rio Bravo Energia I - Fundo de Investimento em Participações
Verace Energia Eólica Ltda.",3806000.0
EOL,EOL Angical,Reserva,Leilão 3/2011,16.0,6.0,6,99.98,Pindaí/BA,Vento,PIE,67582050.0,"Consórcio Brazil Wind:
Brazil Energy S.A.
Sequóia Capital Ltda.",4223878.125
UTE,UTE Bevap,Reserva,Leilão 3/2011,60.0,33.1,1,100.09,João Pinheiro/MG,UTE,PIE,51500000.0,Bioenergética Vale do Paracatu S.A.,858333.3333333334
EOL,EOL Caiçara 2,Reserva,Leilão 3/2011,28.8,14.5,"14,5",100.07,Caiçara do Norte/RN,Vento,PIE,105970000.0,Bioenergy Geradora de Energia S.A.,3679513.888888889
EOL,EOL Caiçara do Norte 1,Reserva,Leilão 3/2011,28.8,13.7,"13,7",100.07,Caiçara do Norte/RN,Vento,PIE,105970000.0,Bioenergy Geradora de Energia S.A.,3679513.888888889
EOL,EOL Caititu,Reserva,Leilão 3/2011,20.8,10.5,"10,5",99.98,Pindaí/BA,Vento,PIE,36837700.0,"Consórcio Brazil Wind:
Brazil Energy S.A.
Sequóia Capital Ltda.",1771043.2692307692
EOL,EOL Carcará 1,Reserva,Leilão 3/2011,28.8,16.3,"13,8",99.92,Areia Branca/RN,Vento,PIE,142685000.0,"Consórcio Carcará 1: 
Voltalia Energia do Brasil Ltda.
Voltalia S.A.",4954340.277777778
EOL,EOL Carnaúbas,Reserva,Leilão 3/2011,27.2,13.1,"13,1",98.92,São Miguel do Gostoso/RN,Vento,PIE,127088000.0,"Consórcio Carnaúbas: 
Voltalia Energia do Brasil Ltda.
Voltalia S.A.",4672352.94117647
EOL,EOL Coqueirinho,Reserva,Leilão 3/2011,22.4,13.5,"13,5",96.97,Pindaí/BA,Vento,PIE,39671180.0,"Consórcio Brazil Wind:
Brazil Energy S.A.
Sequóia Capital Ltda.",1771034.8214285716
EOL,EOL Corredor do Senandes II,Reserva,Leilão 3/2011,21.6,10.6,"10,6",99.5,Rio Grande/RS,Vento,PIE,83002150.0,"Consórcio Investidor Corredor do Senandes II: 
Odebrecht Energias Alternativas S.A.
Central Geradora Eólica Corredor do Senandes II Ltda.",3842692.129629629
EOL,EOL Corredor do Senandes III,Reserva,Leilão 3/2011,27.0,13.2,"13,2",99.5,Rio Grande/RS,Vento,PIE,103706950.0,"Consórcio Investidor Corredor do Senandes III: 
Odebrecht Energias Alternativas S.A.
Central Geradora Eólica Corredor do Senandes III Ltda.",3840998.1481481483
EOL,EOL Corredor do Senandes IV,Reserva,Leilão 3/2011,27.0,12.9,"12,9",99.5,Rio Grande/RS,Vento,PIE,103706950.0,"Consórcio Investidor Corredor do Senandes IV:
Odebrecht Energias Alternativas S.A.
Central Geradora Eólica Corredor do Senandes IV Ltda.",3840998.1481481483
EOL,EOL Corrupião,Reserva,Leilão 3/2011,22.4,13.7,"13,7",96.97,Pindaí/BA,Vento,PIE,94474680.0,"Consórcio Brazil Wind:
Brazil Energy S.A.
Sequóia Capital Ltda.",4217619.642857143
EOL,EOL Famosa I,Reserva,Leilão 3/2011,22.5,11.1,"10,4",99.7,Tibau/RN,Vento,PIE,80121000.0,"Consórcio Famosa: 
Empresa Brasileira de Desenvolvimento e Participações Ltda.
Comercial Mineira S.A.
Ventos Tecnologia Elétrica Ltda.",3560933.3333333335
UTE,UTE Guaçu,Reserva,Leilão 3/2011,30.0,25.5,15,101.99,Aripuanã/MT,Cavaco / Resíduo de Madeira ,PIE,86735000.0,Guaçu Geração de Energia S.A.,2891166.6666666665
UTE,UTE Iaco,Reserva,Leilão 3/2011,30.0,12.8,4,101.49,Chapadão do Sul/MS,Bagaço de Cana-de-Açúcar,AP,74276490.0,Iaco Agrícola S.A,2475883.0
EOL,EOL Inhambu,Reserva,Leilão 3/2011,25.6,15.5,"15,5",96.97,Caetité/BA,Vento,PIE,45335050.0,"Consórcio Brazil Wind:
Brazil Energy S.A.
Sequóia Capital Ltda.",1770900.390625
EOL,EOL Malhadinha 1,Reserva,Leilão 3/2011,22.0,12.8,12,98.95,Ibiapina/CE,Vento,PIE,91120000.0,"Consórcio Malhadinha I: 
Servtec Investimentos e Participações Ltda.
Servtec Energia Ltda.
Servtec RM Participações S.A.
Gerabras Participações Ltda.",4141818.1818181816
UTE,UTE Meridiano,Reserva,Leilão 3/2011,60.0,18.8,"0,1",98.77,Meridiano/SP,UTE,PIE,83727390.0,Noble Brasil S.A.,1395456.5
EOL,EOL Miassaba 4,Reserva,Leilão 3/2011,28.8,13.5,"13,5",100.07,Caiçara do Norte e São Bento do Norte/RN,Vento,PIE,105970000.0,Miassaba Geradora Eólica S.A.,3679513.888888889
UTE,UTE Noble Energia II,Reserva,Leilão 3/2011,30.0,16.2,"0,1",98.78,Meridiano/SP,UTE,PIE,74450650.0,Noble Brasil S.A.,2481688.3333333335
EOL,Parque Eólico dos  Índios 2,Reserva,Leilão 3/2011,28.0,11.5,"11,5",100.01,Osório/RS,Vento,PIE,127823230.0,"Consórcio Elecnor-Enerfín 2011: 
Enerfin do Brasil Sociedade de Energia Ltda.
Elecnor S.A.",4565115.357142857
EOL,Parque Eólico Lanchinha,Reserva,Leilão 3/2011,28.0,13.2,"13,2",101.68,RN,Vento,PIE,102222000.0,"Consórcio Gestamp Eólica: 
Gestamp Eólica Brasil S.A.
Corporacion Gestamp S.L",3650785.714285714
EOL,Parque Eólico Pelado,Reserva,Leilão 3/2011,20.0,9.0,9,100.69,Bodó/RN,Vento,PIE,74775200.0,"Consórcio Gestamp Eólica: 
Gestamp Eólica Brasil S.A.
Corporacion Gestamp S.L",3738760.0
EOL,EOL Pau Brasil,Reserva,Leilão 3/2011,15.0,7.7,"7,1",99.7,Icapuí/CE,Vento,PIE,52227000.0,"Consórcio Famosa: 
Empresa Brasileira de Desenvolvimento e Participações Ltda.
Comercial Mineira S.A.
Ventos Tecnologia Elétrica Ltda.",3481800.0
EOL,EOL Reduto,Reserva,Leilão 3/2011,28.8,14.4,"13,9",98.92,São Miguel do Gostoso/RN,Vento,PIE,128922000.0,"Consórcio Reduto: 
Voltalia Energia do Brasil Ltda.
Voltalia S.A.",4476458.333333333
EOL,EOL Rosada,Reserva,Leilão 3/2011,30.0,13.4,"12,8",99.7,"Tibau, RN",Vento,PIE,104553000.0,"Consórcio Famosa: 
Empresa Brasileira de Desenvolvimento e Participações Ltda.
Comercial Mineira S.A.
Ventos Tecnologia Elétrica Ltda.",3485100.0
EOL,EOL Santa Helena,Reserva,Leilão 3/2011,30.0,16.0,16,101.98,João Câmara/RN,Vento,PIE,111000000.0,Santa Helena Energias Renováveis S.A.,3700000.0
EOL,EOL Santo Cristo,Reserva,Leilão 3/2011,28.8,15.3,"14,8",98.92,Touros/RN,Vento,PIE,128922000.0,"Consórcio Santo Cristo: 
Voltalia Energia do Brasil Ltda.
Voltalia S.A.",4476458.333333333
EOL,EOL São João,Reserva,Leilão 3/2011,28.8,14.3,"14,3",98.92,São Miguel do Gostoso/RN,Vento,PIE,128922000.0,"Consórcio São João: 
Voltalia Energia do Brasil Ltda.
Voltalia S.A.",4476458.333333333
EOL,EOL São Paulo,Reserva,Leilão 3/2011,17.5,8.1,"7,6",99.7,Icapuí/CE,Vento,PIE,62261000.0,"Consórcio Famosa: 
Empresa Brasileira de Desenvolvimento e Participações Ltda.
Comercial Mineira S.A.
Ventos Tecnologia Elétrica Ltda.",3557771.4285714286
EOL,EOL SM,Reserva,Leilão 3/2011,30.0,15.7,"15,7",101.98,João Câmara/RN,Vento,PIE,111000000.0,Santa Maria Energias Renováveis S.A.,3700000.0
EOL,EOL Tamanduá Mirim,Reserva,Leilão 3/2011,24.0,13.6,"13,6",96.97,BA,Vento,PIE,42501610.0,"Consórcio Brazil Wind:
Brazil Energy S.A.
Sequóia Capital Ltda.",1770900.4166666667
EOL,EOL Teiu,Reserva,Leilão 3/2011,17.6,8.2,"8,2",99.98,Pindaí/BA,Vento,PIE,74230250.0,"Consórcio Brazil Wind:
Brazil Energy S.A.
Sequóia Capital Ltda.",4217627.840909091
UTE,UTE Tropical Bioenergia,Reserva,Leilão 3/2011,50.0,19.7,"7,3",95.0,Etéia/GO,UTE,PIE,58279000.0,Tropical Bioenergia S.A.,1165580.0
UTE,UTE Vale do Rosário,Reserva,Leilão 3/2011,97.0,34.4,"10,8",101.5,Morro Agudo/SP,UTE,PIE,1100000.0,LDC-SEV Bioenergia S.A.- Unidade Vale do Rosário,11340.20618556701
EOL,EOL Vento Aragano I,Reserva,Leilão 3/2011,28.8,13.8,"13,8",99.5,Rio Grande/RS,Vento,PIE,110608550.0,"Consórcio Investidor Vento Aragano I: 
Odebrecht Energias Alternativas S.A.
Central Geradora Eólica Vento Aragano I Ltda.",3840574.6527777775
EOL,EOL Ventos de Santa Rosa,Reserva,Leilão 3/2011,30.0,13.5,"13,5",99.21,Tianguá/CE,Vento,PIE,115420000.0,"Consórcio Ventos de Santa Rosa: 
Energimp S.A.
Ventos de Santa Rosa Energias Renováveis S.A.",3847333.3333333335
EOL,EOL Ventos de Santo Inácio,Reserva,Leilão 3/2011,30.0,13.2,"13,2",100.79,Tianguá/CE,Vento,PIE,115420000.0,"Consórcio Ventos de Santo Inácio: 
Energimp S.A.
Ventos de Santo Inácio Energias Renováveis S.A.",3847333.3333333335
EOL,EOL Ventos de Santo Uriel,Reserva,Leilão 3/2011,16.1,9.0,9,101.19,Touros/RN,Vento,PIE,60934000.0,"Consórcio Desa Santo Uriel:
 Dobrevê Energia S.A. 
Ludesa Participações S.A. 
Ventos de Santo Uriel Energias Renováveis S.A.",3784720.4968944094
EOL,EOL Ventos de São Geraldo,Reserva,Leilão 3/2011,30.0,14.6,"14,6",99.11,Tianguá/CE,Vento,PIE,115420000.0,"Consórcio Ventos de São Geraldo:
Energimp S.A.
Ventos de São Geraldo Energias Renováveis S.A.",3847333.3333333335
EOL,EOL Ventos de Sebastião,Reserva,Leilão 3/2011,30.0,13.4,"13,4",99.69,Tianguá/CE,Vento,PIE,115420000.0,"Consórcio Ventos de São Sebastião: 
Energimp S.A.
Ventos de São Sebastião Energias Renováveis S.A.",3847333.3333333335
EOL,EOL Ventos da Andorinha,A-5,Leilão 7/2011,29.9,15.9,"15,9",102.49,Campo Formoso/BA,Vento,PIE,102940000.0,"Consórcio Ventos da Andorinha Energias Renováveis S.A.: 
Atlantic Energias Renováveis S.A.
Casa dos Ventos Energias Renováveis Ltda.",3442809.364548495
EOL,EOL Marco dos Ventos 1,A-5,Leilão 7/2011,28.8,16.3,"16,3",104.34,MA ,Vento,PIE,105970000.0,Bioenergy Geradora de Energia S.A.,3679513.888888889
EOL,EOL Marco dos Ventos 2,A-5,Leilão 7/2011,28.8,16.3,"16,3",104.62,MA ,Vento,PIE,105970000.0,Bioenergy Geradora de Energia S.A.,3679513.888888889
EOL,EOL Cataventos Embuaca,A-5,Leilão 7/2011,12.0,6.7,"6,2",107.31,CE,Vento,PIE,48127000.0,"Consórcio Cataventos Embuaca: 
Cataventos Embuaca - Geração de Energias Renováveis Ltda.
Tecneira - Tecnologias Energéticas, S.A.",4010583.3333333335
EOL,EOL Baixa do Feijão I,A-5,Leilão 7/2011,30.0,14.8,"14,4",97.0,RN,Vento,PIE,117027700.0,EDP Renováveis Brasil S.A.,3900923.3333333335
EOL,EOL Baixa do Feijão  II,A-5,Leilão 7/2011,30.0,14.4,14,97.0,RN,Vento,PIE,117027700.0,EDP Renováveis Brasil S.A.,3900923.3333333335
EOL,EOL Baixa do Feijão  III,A-5,Leilão 7/2011,30.0,14.3,"13,9",97.0,RN,Vento,PIE,117027700.0,EDP Renováveis Brasil S.A.,3900923.3333333335
EOL,EOL Baixa do Feijão  IV,A-5,Leilão 7/2011,30.0,13.7,"13,3",97.0,RN,Vento,PIE,117027700.0,EDP Renováveis Brasil S.A.,3900923.3333333335
EOL,EOL Força 1,A-5,Leilão 7/2011,22.0,9.9,"9,9",104.9,RS,Vento,PIE,79823590.0,Enerfín do Brasil Sociedade de Energia Ltda,3628345.0
EOL,EOL Força 2,A-5,Leilão 7/2011,28.0,12.4,"12,4",104.9,RS,Vento,PIE,102258910.0,Enerfín do Brasil Sociedade de Energia Ltda,3652103.9285714286
EOL,EOL Força 3,A-5,Leilão 7/2011,22.0,9.5,"9,5",104.9,RS,Vento,PIE,79823590.0,Enerfín do Brasil Sociedade de Energia Ltda,3628345.0
EOL,EOL Parque Eólico dos Indios 3,A-5,Leilão 7/2011,22.0,8.8,"8,8",103.99,RS,Vento,PIE,79823590.0,"Consórcio Elecnor-Enerfín 2011-II: 
Enerfín do Brasil Sociedade de Energia Ltda
Elecnor, S.A.",3628345.0
EOL,EOL Ventos de Campo Formoso I,A-5,Leilão 7/2011,29.9,15.5,"15,5",102.49,BA,Vento,PIE,102940000.0,"Consórcio Ventos de Campo Formoso I Energias Renováveis S.A.:
Atlantic Energias Renováveis S.A.
Casa dos Ventos Energias Renováveis Ltda.",3442809.364548495
EOL,EOL Ventos de Campo Formoso II,A-5,Leilão 7/2011,29.9,15.5,"15,5",102.49,BA,Vento,PIE,102940000.0,"Consórcio Ventos de Campo Formoso II Energias Renováveis S.A.:
Atlantic Energias Renováveis S.A.
Casa dos Ventos Energias Renováveis Ltda.",3442809.364548495
EOL,EOL Macambira I,A-5,Leilão 7/2011,20.0,9.7,"9,7",106.94,RN,Vento,PIE,73325200.0,"Consórcio Gestamp Eólica: 
Gestamp Eólica Brasil S.A.
Corporacion Gestamp S.L.",3666260.0
EOL,EOL Macambira II,A-5,Leilão 7/2011,18.0,9.0,9,106.82,RN,Vento,PIE,70171920.0,"Consórcio Gestamp Eólica: 
Gestamp Eólica Brasil S.A.
Corporacion Gestamp S.L.",3898440.0
EOL,EOL Parque Eólico Cabeço Preto III,A-5,Leilão 7/2011,28.0,13.6,"13,6",108.12,RN,Vento,PIE,110237000.0,"Consórcio Gestamp Eólica: 
Gestamp Eólica Brasil S.A.
Corporacion Gestamp S.L.",3937035.714285714
EOL,EOL Parque Eólico Cabeço Preto V,A-5,Leilão 7/2011,28.8,14.0,14,106.96,RN,Vento,PIE,110237000.0,"Consórcio Gestamp Eólica: 
Gestamp Eólica Brasil S.A.
Corporacion Gestamp S.L.",3827673.611111111
EOL,EOL Parque Eólico Cabeço Preto VI,A-5,Leilão 7/2011,19.8,9.5,"9,5",106.98,RN,Vento,PIE,77580000.0,"Consórcio Gestamp Eólica: 
Gestamp Eólica Brasil S.A.
Corporacion Gestamp S.L.",3918181.818181818
EOL,EOL Goiabeira,A-5,Leilão 7/2011,19.2,9.9,"8,7",107.7,CE,Vento,PIE,67233000.0,"Consórcio Goiabeira: 
Alupar Investimento S.A
Furnas Centrais Elétricas S.A.
Central Eólica Goiabeira Ltda",3501718.75
EOL,EOL Ventos de Horizonte,A-5,Leilão 7/2011,14.4,7.3,"6,4",107.69,CE,Vento,PIE,51940000.0,"Consórcio Horizonte: 
Alupar Investimento S.A.
Furnas Centrais Elétricas S.A.
Central Eólica Horizonte Ltda",3606944.4444444445
EOL,EOL Jandaia ,A-5,Leilão 7/2011,28.8,14.1,"11,7",107.7,CE,Vento,PIE,97564000.0,"Consórcio Jandaia:
Alupar Investimento S.A.
Furnas Centrais Elétricas S.A.
Central Eólica Jandaia Ltda",3387638.888888889
EOL,EOL São Januário,A-5,Leilão 7/2011,19.2,9.0,"7,9",107.69,CE,Vento,PIE,71633000.0,"Consórcio São Januário: 
Alupar Investimento S.A.
Furnas Centrais Elétricas S.A.
Central Eólica São Januário Ltda",3730885.416666667
EOL,EOL Ubatuba,A-5,Leilão 7/2011,12.6,5.8,"5,1",107.69,CE,Vento,PIE,44967000.0,"Consórcio Ubatuba: 
Alupar Investimento S.A.
Furnas Centrais Elétricas S.A.
Central Eólica Ubatuba Ltda",3568809.523809524
EOL,EOL Jandaia I,A-5,Leilão 7/2011,19.2,9.9,"8,7",107.7,CE,Vento,PIE,69473000.0,"Consórcio Jandaia I: 
Alupar Investimento S.A.
Furnas Centrais Elétricas S.A.
Central Eólica Jandaia I",3618385.416666667
EOL,EOL Ventos de Morrinhos,A-5,Leilão 7/2011,29.9,15.0,15,102.49,BA,Vento,PIE,102940000.0,"Consórcio Ventos de Morrinhos Energias Renováveis S.A.: 
Atlantic Energias Renováveis S.A.
Casa dos Ventos Energias Renováveis Ltda.",3442809.364548495
EOL,EOL Nossa Senhora de Fátima,A-5,Leilão 7/2011,28.8,12.8,"11,2",107.69,CE,Vento,PIE,97654000.0,"Consórcio Nossa Senhora de Fátima: 
Alupar Investimento S.A.
Furnas Centrais Elétricas S.A.
Central Eólica Nossa Senhora de Fatima Ltda",3390763.888888889
EOL,EOL Pontal 3B,A-5,Leilão 7/2011,25.6,11.0,11,106.97,RS,Vento,PIE,102140400.0,Oleoplan S.A. - Óleos Vegetais Planalto,3989859.375
EOL,EOL Pitombeira,A-5,Leilão 7/2011,27.0,13.9,"12,2",107.7,CE,Vento,PIE,91226000.0,"Consórcio Pitombeira: 
Alupar Investimento S.A.
Furnas Centrais Elétricas S.A.
Central Eólica Pitombeira Ltda",3378740.7407407407
EOL,EOL Santa Catarinha,A-5,Leilão 7/2011,16.0,8.5,"7,5",107.7,CE,Vento,PIE,52855000.0,"Consórcio Santa Catarina:
Alupar Investimento S.A.
Furnas Centrais Elétricas S.A.
Central Eólica Santa Catarina Ltda",3303437.5
EOL,EOL São Clemente,A-5,Leilão 7/2011,19.2,9.3,"8,2",107.69,CE,Vento,PIE,71633000.0,"Consórcio São Clemente: 
Alupar Investimento S.A.
Furnas Centrais Elétricas S.A.
Central Eólica São Clemente Ltda",3730885.416666667
EOL,EOL Ventos do Sertão,A-5,Leilão 7/2011,29.9,15.7,"12,7",109.4,BA,Vento,PIE,102940000.0,"Consórcio Ventos do Sertão Energias Renováveis S.A.: 
Atlantic Energias Renováveis S.A.
Casa Dos Ventos Energias Renováveis Ltda.",3442809.364548495
UTE,UTE Conquista do Pontal,A-5,Leilão 7/2011,50.0,5.4,1,95.0,SP,Bagaço de Cana-de-Açúcar,PIE,86754000.0,Usina Conquista do Pontal S.A.,1735080.0
UTE,UTE Porto das Águas (II Fase),A-5,Leilão 7/2011,50.0,37.7,20,103.46,GO,Bagaço de Cana-de-Açúcar,PIE,149100000.0,Usina Porto das Águas Ltda,2982000.0
EOL,EOL Caiçara I,A-5,Leilão 7/2011,30.6,14.6,"13,5",107.98,CE,Vento,PIE,100893000.0,"Consórcio Caiçara I:
Voltalia Energia do Brasil Ltda.
Voltalia S.A.
Companhia Hidro Elétrica do São Francisco",3297156.862745098
EOL,EOL Caiçara II,A-5,Leilão 7/2011,19.8,9.6,"9,3",107.98,CE,Vento,PIE,67768000.0,"Consórcio Caiçara II:
Voltalia Energia do Brasil Ltda.
Voltalia S.A.
Companhia Hidro Elétrica do São Francisco",3422626.2626262624
EOL,EOL Carcará 2,A-5,Leilão 7/2011,28.8,14.6,"13,5",107.03,RN,Vento,PIE,101889000.0,"Consórcio Carcará 2: 
Voltalia Energia do Brasil Ltda.
Voltalia S.A.",3537812.5
EOL,EOL Junco I,A-5,Leilão 7/2011,30.6,13.1,"12,1",107.98,CE,Vento,PIE,100893000.0,"Consórcio Junco I:
Voltalia Energia do Brasil Ltda.
Voltalia S.A.
Companhia Hidro Elétrica do São Francisco",3297156.862745098
EOL,EOL Junco II,A-5,Leilão 7/2011,30.6,13.3,"11,4",107.98,CE,Vento,PIE,100893000.0,"Consórcio Junco II:
Voltalia Energia do Brasil Ltda.
Voltalia S.A.
Companhia Hidro Elétrica do São Francisco",3297156.862745098
EOL,EOL Terral,A-5,Leilão 7/2011,28.8,16.0,"13,5",107.03,RN,Vento,PIE,101687000.0,"Consórcio Terral: 
Voltalia Energia do Brasil Ltda.
Voltalia S.A.",3530798.611111111
EOL,EOL Morro dos Ventos II,A-5,Leilão 7/2011,28.8,15.3,"15,1",107.46,RN,Vento,PIE,115200000.0,"Consórcio Desa Wind II: 
Dobrevê Energia S.A.
WF Wind Holding II S.A.",4000000.0
UHE,UHE São Roque,A-5,Leilão 7/2011,135.0,90.9,"81,8",91.2,SC,Água - Rio Canoas,PIE,652002390.0,Desenvix Energias Renováveis S.A.,4829647.333333333
UHE,UHE Santo Antonio do Jari,A-5,Leilão 6/2012,73.4,21.6,"20,9",82.0,AP ,Água - Rio Jari,PIE,243500080.0,ECE Participações S.A.,3317439.7820163486
UHE,UHE Cachoeira  do Caldeirão,A-5,Leilão 6/2012,219.0,129.7,"129,7",95.31,AP ,Água - Rio Araguari ,PIE,855930626.0,EDP - Energias do Brasil S.A.,3908359.02283105
EOL,EOL Ventos do Norte 1,A-5,Leilão 6/2012,28.8,16.6,"16,6",87.77,MA ,Vento,PIE,77770000.0,Bioenergy Geradora de Energia S.A.,2700347.222222222
EOL,EOL Ventos do Norte 2,A-5,Leilão 6/2012,28.8,17.0,17,87.77,MA ,Vento,PIE,77770000.0,Bioenergy Geradora de Energia S.A.,2700347.222222222
EOL,EOL Ventos do Norte 3,A-5,Leilão 6/2012,28.8,16.6,"16,6",87.77,MA ,Vento,PIE,77770000.0,Bioenergy Geradora de Energia S.A.,2700347.222222222
EOL,EOL Ventos do Norte 4,A-5,Leilão 6/2012,28.8,16.7,"16,7",87.77,MA ,Vento,PIE,77770000.0,Bioenergy Geradora de Energia S.A.,2700347.222222222
EOL,EOL Ventos do Norte 5,A-5,Leilão 6/2012,28.8,16.7,"16,7",87.77,MA ,Vento,PIE,77770000.0,Bioenergy Geradora de Energia S.A.,2700347.222222222
EOL,EOL Ventos do Norte 6,A-5,Leilão 6/2012,28.8,16.4,"16,4",87.77,MA ,Vento,PIE,77770000.0,Bioenergy Geradora de Energia S.A.,2700347.222222222
EOL,EOL Ventos do Norte 7,A-5,Leilão 6/2012,28.8,16.2,16,87.77,MA ,Vento,PIE,77770000.0,Bioenergy Geradora de Energia S.A.,2700347.222222222
EOL,EOL Dois Riachos,A-5,Leilão 6/2012,29.9,13.9,"13,9",89.2,BA ,Vento,PIE,144121200.0,"Consórcio EGP - Serra Azul: 
Enel Brasil Participações Ltda. (99%)
Parque Eólico Serra Azul Ltda. (1%)",4820107.023411372
EOL,EOL Granja Vargas 1,A-5,Leilão 6/2012,28.0,11.5,"11,5",87.5,RS ,Vento,PIE,102258910.0,Enerfín do Brasil Sociedade de Energia Ltda.,3652103.9285714286
EOL,EOL São Salvador,A-5,Leilão 6/2012,22.4,10.6,"10,2",88.68,BA ,Vento,PIE,62888030.0,Renova Energia S.A.,2807501.3392857146
EOL,EOL Assuruá II,LER,Leilão 5/2013,30.0,14.6,"14,6",102.77,BA ,Vento,PIE,112558000.0,Centrais Eólicas Assuruá S.A.,3751933.3333333335
EOL,EOL Assuruá V,LER,Leilão 5/2013,20.0,10.1,"10,1",102.78,BA ,Vento,PIE,90864000.0,Centrais Eólicas Assuruá S.A.,4543200.0
EOL,EOL Assuruá VII,LER,Leilão 5/2013,18.0,8.9,"8,9",102.79,BA ,Vento,PIE,69169000.0,Centrais Eólicas Assuruá S.A.,3842722.222222222
EOL,EOL Caetité A,LER,Leilão 5/2013,30.0,12.1,"11,9",116.29,BA ,Vento,PIE,88587000.0,Centrais Eólicas de Caetité Participações S.A.,2952900.0
EOL,EOL Caetité B,LER,Leilão 5/2013,30.0,10.9,"10,8",116.29,BA ,Vento,PIE,88587000.0,Centrais Eólicas de Caetité Participações S.A.,2952900.0
EOL,EOL Baraúnas I,LER,Leilão 5/2013,29.7,12.4,"12,2",115.8,BA ,Vento,PIE,103950000.0,"Consórcio Baraúnas I:
Brennand Energia S.A (50,9%)
Companhia Hidro Elétrica do São Francisco – CHESF (49%)
Brennand Energia Eólica S.A (0,1%)",3500000.0
EOL,EOL Esperança,LER,Leilão 5/2013,29.9,14.7,"14,7",102.4,BA ,Vento,PIE,139561000.0,"Consórcio EGP-Desenvolvimento:
Enel Brasil Participações Ltda. (99%)
Enel Green Power Desenvolvimento Ltda. (1%)",4667591.973244147
EOL,EOL Damascena,LER,Leilão 5/2013,29.9,16.7,"16,1",98.5,BA ,Vento,PIE,144121200.0,"Consórcio EGP-Serra Azul:
Enel Brasil Participações Ltda. (99%)
Parque Eólico Serra Azul Ltda. (1%)",4820107.023411372
EOL,EOL Maniçoba,LER,Leilão 5/2013,29.9,16.1,"15,5",102.7,BA ,Vento,PIE,134488800.0,"Consórcio EGP-Serra Azul:
Enel Brasil Participações Ltda. (99%)
Parque Eólico Serra Azul Ltda. (1%)",4497953.177257526
EOL,EOL Acauã,LER,Leilão 5/2013,12.0,3.1,"2,6",105.95,BA ,Vento,PIE,34423850.0,"Consórcio Expansão Guirapá:
Sequoia Capital Ltda. (51%)
Companhia Hidro Elétrica do São Francisco – CHESF (49%)",2868654.1666666665
EOL,EOL Angical 2,LER,Leilão 5/2013,14.0,5.1,"4,9",105.95,BA ,Vento,PIE,40161150.0,"Consórcio Expansão Guirapá:
Sequoia Capital Ltda. (51%)
Companhia Hidro Elétrica do São Francisco – CHESF (49%)",2868653.5714285714
EOL,EOL Arapapá,LER,Leilão 5/2013,10.0,2.2,"1,9",105.95,BA ,Vento,PIE,28686820.0,"Consórcio Expansão Guirapá:
Sequoia Capital Ltda. (51%)
Companhia Hidro Elétrica do São Francisco – CHESF (49%)",2868682.0
EOL,EOL Caititu 2,LER,Leilão 5/2013,14.0,5.1,"5,1",105.95,BA ,Vento,PIE,40161150.0,"Consórcio Expansão Guirapá:
Sequoia Capital Ltda. (51%)
Companhia Hidro Elétrica do São Francisco – CHESF (49%)",2868653.5714285714
EOL,EOL Caititu 3,LER,Leilão 5/2013,14.0,4.7,"4,7",105.95,BA ,Vento,PIE,40161150.0,"Consórcio Expansão Guirapá:
Sequoia Capital Ltda. (51%)
Companhia Hidro Elétrica do São Francisco – CHESF (49%)",2868653.5714285714
EOL,EOL Carcará,LER,Leilão 5/2013,10.0,4.6,"4,6",105.95,BA ,Vento,PIE,28686580.0,"Consórcio Expansão Guirapá:
Sequoia Capital Ltda. (51%)
Companhia Hidro Elétrica do São Francisco – CHESF (49%)",2868658.0
EOL,EOL Corrupião 3,LER,Leilão 5/2013,14.0,4.2,"4,2",105.95,BA ,Vento,PIE,40161150.0,"Consórcio Expansão Guirapá:
Sequoia Capital Ltda. (51%)
Companhia Hidro Elétrica do São Francisco – CHESF (49%)",2868653.5714285714
EOL,EOL Teiú 2,LER,Leilão 5/2013,14.0,4.2,"3,7",105.95,BA ,Vento,PIE,40161150.0,"Consórcio Expansão Guirapá:
Sequoia Capital Ltda. (51%)
Companhia Hidro Elétrica do São Francisco – CHESF (49%)",2868653.5714285714
EOL,EOL Bom Jesus,LER,Leilão 5/2013,18.0,8.1,"7,9",115.9,CE,Vento,PIE,69198750.0,"Consórcio Bom Jesus:
Fundo de Investimento em Participações Caixa Milão (50,99%)
Furnas Centrais Elétricas S.A. (49%)
Central Eólica Bom Jesus Ltda.(0,01%)",3844375.0
EOL,EOL Cachoeira,LER,Leilão 5/2013,12.0,5.0,"4,8",115.9,CE,Vento,PIE,46193540.0,"Consórcio Cachoeira:
Fundo de Investimento em Participações Caixa Milão (50,99%)
Furnas Centrais Elétricas S.A. (49%)
Central Eólica Cachoeira Ltda. (0,01%)",3849461.6666666665
EOL,EOL Pitimbu,LER,Leilão 5/2013,18.0,7.2,"6,4",115.9,CE,Vento,PIE,70031890.0,"Consórcio Pitimbu:
Fundo de Investimento em Participações Caixa Milão (50,99%)
Furnas Centrais Elétricas S.A. (49%)
Central Eólica Pitimbu Ltda. (0,01%)",3890660.5555555555
EOL,EOL São Caetano,LER,Leilão 5/2013,25.2,11.0,"10,1",115.9,CE,Vento,PIE,96805360.0,"Consórcio São Caetano:
Fundo de Investimento em Participações Caixa Milão (50,99%)
Furnas Centrais Elétricas S.A. (49%)
Central Eólica São Caetano Ltda. (0,01%)",3841482.5396825396
EOL,EOL São Caetano I,LER,Leilão 5/2013,18.0,7.7,"6,4",115.9,CE,Vento,PIE,69199000.0,"Consórcio São Caetano I:
Fundo de Investimento em Participações Caixa Milão (50,99%)
Furnas Centrais Elétricas S.A. (49%)
Central Eólica São Caetano I Ltda. (0,01%)",3844388.888888889
EOL,EOL São Galvão,LER,Leilão 5/2013,22.0,9.5,"9,2",115.9,CE,Vento,PIE,84535880.0,"Consórcio São Galvão:
Fundo de Investimento em Participações Caixa Milão (50,99%)
Furnas Centrais Elétricas S.A. (49%)
Central Eólica São Galvão Ltda. (0,01%)",3842540.0
EOL,EOL Carnaúba I,LER,Leilão 5/2013,22.0,9.4,"9,1",111.82,RN,Vento,PIE,84535880.0,"Consórcio Carnaúba I:
Fundo de Investimento em Participações Caixa Milão (50,99%)
Furnas Centrais Elétricas S.A. (49%)
Central Geradora Eólica Carnaúba I Ltda. (0,01%)",3842540.0
EOL,EOL Carnaúba II,LER,Leilão 5/2013,18.0,7.3,"7,1",111.85,RN,Vento,PIE,69199000.0,"Consórcio Carnaúba II:
Fundo de Investimento em Participações Caixa Milão (50,99%)
Furnas Centrais Elétricas S.A. (49%)
Central Geradora Eólica Carnaúba II Ltda. (0,01%)",3844388.888888889
EOL,EOL Carnaúba III,LER,Leilão 5/2013,16.0,7.5,"7,1",111.83,RN,Vento,PIE,61947000.0,"Consórcio Carnaúba III:
Fundo de Investimento em Participações Caixa Milão (50,99%)
Furnas Centrais Elétricas S.A. (49%)
Central Geradora Eólica Carnaúba III Ltda. (0,01%)",3871687.5
EOL,EOL Carnaúba V,LER,Leilão 5/2013,24.0,10.1,"9,8",111.81,RN,Vento,PIE,92203960.0,"Consórcio Carnaúba V:
Fundo de Investimento em Participações Caixa Milão (50,99%)
Furnas Centrais Elétricas S.A. (49%)
Central Geradora Eólica Carnaúba V Ltda. (0,01%)",3841831.6666666665
EOL,EOL Cervantes I,LER,Leilão 5/2013,16.0,7.1,"6,9",111.81,RN,Vento,PIE,61530550.0,"Consórcio Cervantes I:
Fundo de Investimento em Participações Caixa Milão (50,99%)
Furnas Centrais Elétricas S.A. (49%)
Central Geradora Eólica Cervantes I Ltda. (0,01%)",3845659.375
EOL,EOL Cervantes II,LER,Leilão 5/2013,12.0,5.6,"5,4",111.84,RN,Vento,PIE,46193720.0,"Consórcio Cervantes II:
Fundo de Investimento em Participações Caixa Milão (50,99%)
Furnas Centrais Elétricas S.A.(49%)
Central Geradora Eólica Cervantes II Ltda. (0,01%)",3849476.6666666665
EOL,EOL Punaú I,LER,Leilão 5/2013,24.0,11.0,"10,7",111.81,RN,Vento,PIE,92203960.0,"Consórcio Punaú I:
Fundo de Investimento em Participações Caixa Milão (50,99%)
Furnas Centrais Elétricas S.A. (49%)
Central Geradora Eólica Punaú I Ltda. (0,01%)",3841831.6666666665
EOL,EOL Mussambê,LER,Leilão 5/2013,29.7,11.5,"11,4",115.8,BA ,Vento,PIE,103950000.0,"Consórcio Mussambê:
Brennand Energia S.A (50,9%)
Companhia Hidro Elétrica do São Francisco – CHESF (49%)
Brennand Energia Eólica S.A (0,1%)",3500000.0
EOL,EOL Morro Branco I,LER,Leilão 5/2013,29.7,12.7,"12,5",115.8,BA ,Vento,PIE,103950000.0,"Consórcio Morro Branco I:
Brennand Energia S.A (50,9%)
Companhia Hidro Elétrica do São Francisco – CHESF (49%)
Brennand Energia Eólica S.A. (0,1%)",3500000.0
EOL,EOL Cabo Verde 4,LER,Leilão 5/2013,29.9,10.1,101,114.99,RS,Vento,PIE,113620000.0,Enerfin do Brasil Sociedade de Energia Ltda.,3800000.0
EOL,EOL Cabo Verde 5,LER,Leilão 5/2013,16.1,5.4,"5,4",114.9,RS,Vento,PIE,61180000.0,Enerfin do Brasil Sociedade de Energia Ltda.,3799999.9999999995
EOL,EOL Granja Vargas 2,LER,Leilão 5/2013,18.4,6.5,"6,5",114.9,RS,Vento,PIE,69920000.0,Enerfin do Brasil Sociedade de Energia Ltda.,3800000.0000000005
EOL,EOL Granja Vargas 3,LER,Leilão 5/2013,16.1,5.6,"5,6",114.9,RS,Vento,PIE,61180000.0,Enerfin do Brasil Sociedade de Energia Ltda.,3799999.9999999995
EOL,EOL Abil,LER,Leilão 5/2013,23.7,11.0,11,105.2,BA ,Vento,PIE,94201360.0,Renova Energia S.A.,3974740.9282700424
EOL,EOL Acácia,LER,Leilão 5/2013,16.2,6.9,"6,9",113.7,BA ,Vento,PIE,65050940.0,Renova Energia S.A.,4015490.12345679
EOL,EOL Angico,LER,Leilão 5/2013,8.1,3.9,"3,9",111.3,BA ,Vento,PIE,32980490.0,Renova Energia S.A.,4071665.4320987654
EOL,EOL Folha de Serra,LER,Leilão 5/2013,21.0,9.7,"9,7",103.6,BA ,Vento,PIE,84211200.0,Renova Energia S.A.,4010057.1428571427
EOL,EOL Jabuticaba,LER,Leilão 5/2013,9.0,4.5,"4,5",104.38,BA ,Vento,PIE,34210530.0,Renova Energia S.A.,3801170.0
EOL,EOL Jacaranda do cerrado,LER,Leilão 5/2013,21.0,9.5,"9,5",103.99,BA ,Vento,PIE,84211200.0,Renova Energia S.A.,4010057.1428571427
EOL,EOL Taboquinha,LER,Leilão 5/2013,21.6,10.1,"10,1",105.99,BA ,Vento,PIE,86431240.0,Renova Energia S.A.,4001446.296296296
EOL,EOL Tabua,LER,Leilão 5/2013,15.0,7.4,"7,4",104.8,BA ,Vento,PIE,59910860.0,Renova Energia S.A.,3994057.3333333335
EOL,EOL Vaqueta,LER,Leilão 5/2013,23.4,10.7,"10,7",105.55,BA ,Vento,PIE,93791320.0,Renova Energia S.A.,4008176.0683760685
EOL,EOL Ventos de Santa Brígida I,LER,Leilão 5/2013,13.5,6.6,"6,6",116.0,PE,Vento,PIE,47335000.0,"Consórcio Ventos de Santa Brígida I:
Salus Fundo de Investimento em Participações S.A. (99,9%)
Ventos de Santa Brígida Energias Renováveis S.A. (0,1%)",3506296.296296296
EOL,EOL Ventos de Santa Brígida II,LER,Leilão 5/2013,29.7,14.7,"14,7",116.0,PE,Vento,PIE,101907000.0,"Consórcio Ventos de Santa Brígida II:
Salus Fundo de Investimento em Participações S.A. (99,9%)
Ventos de Santa Brígida Energias Renováveis S.A. (0,1%)",3431212.121212121
EOL,EOL Ventos de Santa Brígida III,LER,Leilão 5/2013,29.7,14.4,"14,4",116.0,PE,Vento,PIE,101907000.0,"Consórcio Ventos de Santa Brígida III:
Salus Fundo de Investimento em Participações S.A. (99,9%)
Ventos de Santa Brígida Energias Renováveis S.A. (0,1%)",3431212.121212121
EOL,EOL Ventos de Santa Brígida IV,LER,Leilão 5/2013,29.7,14.0,14,116.0,PE,Vento,PIE,101907000.0,"Consórcio Ventos de Santa Brígida IV:
Salus Fundo de Investimento em Participações S.A. (99,9%)
Ventos de Santa Brígida Energias Renováveis S.A. (0,1%)",3431212.121212121
EOL,EOL Ventos de Santa Brígida V,LER,Leilão 5/2013,29.7,15.0,15,116.0,PE,Vento,PIE,0.0,"Consórcio Ventos de Santa Brígida V:
Salus Fundo de Investimento em Participações S.A. (99,9%)
Ventos de Santa Brígida Energias Renováveis S.A. (0,1%)",0.0
EOL,EOL Ventos de Santa Brígida VI,LER,Leilão 5/2013,29.7,15.1,"15,1",116.0,PE,Vento,PIE,101907000.0,"Consórcio Ventos de Santa Brígida VI:
Salus Fundo de Investimento em Participações S.A. (99,9%)
Ventos de Santa Brígida Energias Renováveis S.A. (0,1%)",3431212.121212121
EOL,EOL Ventos de Santa Brígida VII,LER,Leilão 5/2013,29.7,14.9,"14,9",116.0,PE,Vento,PIE,101907000.0,"Consórcio Ventos de Santa Brígida VII:
Salus Fundo de Investimento em Participações S.A. (99,9%)
Ventos de Santa Brígida Energias Renováveis S.A. (0,1%)",3431212.121212121
EOL,EOL Ventos de Santa Joana II,LER,Leilão 5/2013,30.0,14.8,"14,3",109.99,PI,Vento,PIE,102940000.0,"Consórcio Ventos de Santa Joana II:
Companhia Hidro Elétrica do São Francisco – CHESF (49%)
Contour Global do Brasil Holding Ltda. (36%)
Salus Fundo de Investimento em Participações S.A.(14,9%)
Ventos de Santa Joana Energias Renováveis S.A. (0,1%)",3431333.3333333335
EOL,EOL Ventos de Santa Joana IX,LER,Leilão 5/2013,30.0,15.8,"13,2",109.96,PI,Vento,PIE,102940000.0,"Consórcio Ventos de Santa Joana IX:
Companhia Hidro Elétrica do São Francisco – CHESF (49%)
Contour Global do Brasil Holding Ltda. (36%)
Salus Fundo de Investimento em Participações S.A. (14,9%)
Ventos de Santa Joana Energias Renováveis S.A. (0,1%)",3431333.3333333335
EOL,EOL Ventos de Santa Joana VI,LER,Leilão 5/2013,30.0,15.1,"15,1",109.99,PI,Vento,PIE,102940000.0,"Consórcio Ventos de Santa Joana VI:
Companhia Hidro Elétrica do São Francisco – CHESF (49%)
Contour Global do Brasil Holding Ltda. (36%)
Salus Fundo de Investimento em Participações S.A.(14,9%)
Ventos de Santa Joana Energias Renováveis S.A. (0,1%)",3431333.3333333335
EOL,EOL Ventos de Santa Joana VIII,LER,Leilão 5/2013,30.0,15.7,"15,6",109.98,PI,Vento,PIE,102940000.0,"Consórcio Ventos de Santa Joana VIII:
Companhia Hidro Elétrica do São Francisco – CHESF (49%)
Contour Global do Brasil Holding Ltda. (36%)
Salus Fundo de Investimento em Participações S.A.(14,9%)
Ventos de Santa Joana Energias Renováveis S.A. (0,1%)",3431333.3333333335
EOL,EOL Ventos de Santa Joana X,LER,Leilão 5/2013,30.0,16.0,"13,6",109.96,PI,Vento,PIE,102940000.0,"Consórcio Ventos de Santa Joana X:
Companhia Hidro Elétrica do São Francisco – CHESF (49%)
Contour Global do Brasil Holding Ltda. (36%)
Salus Fundo de Investimento em Participações S.A. (14,9%)
Ventos de Santa Joana Energias Renováveis S.A. (0,1%)",3431333.3333333335
EOL,EOL Ventos de Santa Joana XI,LER,Leilão 5/2013,30.0,16.0,"14,1",109.96,PI,Vento,PIE,102940000.0,"Consórcio Ventos de Santa Joana XI:
Companhia Hidro Elétrica do São Francisco – CHESF (49%)
Contour Global do Brasil Holding Ltda. (36%)
Salus Fundo de Investimento em Participações S.A. (14,9%)
Ventos de Santa Joana Energias Renováveis S.A. (0,1%)",3431333.3333333335
EOL,EOL Ventos de Santa Joana XII,LER,Leilão 5/2013,30.0,16.9,"15,3",109.96,PI,Vento,PIE,102940000.0,"Consórcio Ventos de Santa Joana XII:
Companhia Hidro Elétrica do São Francisco – CHESF (49%)
Contour Global do Brasil Holding Ltda. (36%)
Salus Fundo de Investimento em Participações S.A. (14,9%)
Ventos de Santa Joana Energias Renováveis S.A. (0,1%)",3431333.3333333335
EOL,EOL Ventos de Santa Joana XIII,LER,Leilão 5/2013,30.0,16.0,"13,4",109.96,PI,Vento,PIE,102940000.0,"Consórcio Ventos de Santa Joana XIII:
Companhia Hidro Elétrica do São Francisco – CHESF (49%)
Contour Global do Brasil Holding Ltda. (36%)
Salus Fundo de Investimento em Participações S.A. (14,9%)
Ventos de Santa Joana Energias Renováveis S.A. (0,1%)",3431333.3333333335
EOL,EOL Ventos de Santa Joana XIV,LER,Leilão 5/2013,30.0,14.9,"14,7",109.99,PI,Vento,PIE,102940000.0,"Consórcio Ventos de Santa Joana XIV:
Companhia Hidro Elétrica do São Francisco – CHESF (49%)
Contour Global do Brasil Holding Ltda. (36%)
Salus Fundo de Investimento em Participações S.A. (14,9%)
Ventos de Santa Joana Energias Renováveis S.A. (0,1%)",3431333.3333333335
EOL,EOL Ventos de Santa Joana XV,LER,Leilão 5/2013,30.0,16.2,15,109.96,PI,Vento,PIE,102940000.0,"Consórcio Ventos de Santa Joana XV:
Companhia Hidro Elétrica do São Francisco – CHESF (49%)
Contour Global do Brasil Holding Ltda. (36%)
Salus Fundo de Investimento em Participações S.A. (14,9%)
Ventos de Santa Joana Energias Renováveis S.A. (0,1%)",3431333.3333333335
EOL,EOL Ventos de Santa Joana XVI,LER,Leilão 5/2013,30.0,17.4,"15,3",109.96,PI,Vento,PIE,102940000.0,"Consórcio Ventos de Santa Joana XVI:
Companhia Hidro Elétrica do São Francisco – CHESF (49%)
Contour Global do Brasil Holding Ltda. (36%)
Salus Fundo de Investimento em Participações S.A. (14,9%)
Ventos de Santa Joana Energias Renováveis S.A. (0,1%)",3431333.3333333335
EOL,EOL Ventos de Santo Onofre I,LER,Leilão 5/2013,30.0,16.2,16,109.98,PI,Vento,PIE,102940000.0,"Consórcio Ventos de Santo Onofre I:
Companhia Hidro Elétrica do São Francisco – CHESF (49%)
Contour Global do Brasil Holding Ltda. (36%)
Salus Fundo de Investimento em Participações S.A. (14,9%)
Ventos de Santo Onofre Energias Renováveis S.A. (0,1%)",3431333.3333333335
EOL,EOL Ventos de Santo Onofre II,LER,Leilão 5/2013,30.0,16.6,"15,9",109.98,PI,Vento,PIE,102940000.0,"Consórcio Ventos de Santo Onofre II:
Companhia Hidro Elétrica do São Francisco – CHESF (49%)
Contour Global do Brasil Holding Ltda. (36%)
Salus Fundo de Investimento em Participações S.A. (14,9%)
Ventos de Santo Onofre Energias Renováveis S.A. (0,1%)
",3431333.3333333335
EOL,EOL Ventos de Santo Onofre III,LER,Leilão 5/2013,30.0,16.7,"16,7",109.98,PI,Vento,PIE,102940000.0,"Consórcio Ventos de Santo Onofre III:
Companhia Hidro Elétrica do São Francisco – CHESF (49%)
Contour Global do Brasil Holding Ltda. (36%)
Salus Fundo de Investimento em Participações S.A. (14,9%)
Ventos de Santo Onofre Energias Renováveis S.A. (0,1%)",3431333.3333333335
PCH,PCH Verde 08,A-5,Leilão 6/2013,28.5,16.9,"13,1",130.0,GO,Rio Verde,PIE,204796000.0,Alupar Investimento S.A.,7185824.561403509
PCH,PCH Cantu 2,A-5,Leilão 6/2013,18.0,9.5,"9,5",128.99,PR,Rio Cantu,PIE,112082180.0,Cantu Energética S.A.,6226787.777777778
UHE,UHE Sinop,A-5,Leilão 6/2013,400.0,239.8,"215,8",109.4,MT,RIO TELE PIRES,PIE,1777429780.0,"Consórcio Energético Sinop: Eletronorte (24,5% - Líder), Alupar (51%)  e Chesf (24,5%)",4443574.45
PCH,PCH Cabeça de Boi,A-5,Leilão 6/2013,29.68,13.6,"13,6",119.99,MT,Rio Apiacás,PIE,188169560.0,Enel Green Power Cabeça de Boi S.A.,6339944.74393531
PCH,PCH Da Fazenda,A-5,Leilão 6/2013,19.5,9.1,"9,1",120.0,MT,Rio Apiacás,PIE,126336230.0,Enel Green Power Fazenda S.A.,6478781.025641026
UHE,UHE Salto Apiacás,A-5,Leilão 6/2013,45.0,22.9,"22,4",119.97,MT,Rio Apiacás,PIE,178394060.0,"Consórcio EGP – Salto Apiacás: Enel Brasil Participações Ltda. (99% - Líder)
Enel Green Power Salto Apiacás S.A. (1%)",3964312.4444444445
PCH,PCH Santo Cristo,A-5,Leilão 6/2013,19.5,10.8,"0,5",129.0,SC,Rio Pelotinhas,PIE,165698690.0,Eletrosul Centrais Elétricas S.A.,8497368.717948718
PCH,PCH Manopla,A-5,Leilão 6/2013,5.0,2.6,"2,6",128.99,PE,Rio Sirinhaém,PIE,44959060.0,Brennand Energia Manopla S.A.,8991812.0
PCH,PCH Mata Velha,A-5,Leilão 6/2013,24.0,13.1,"12,7",128.99,MG,Rio Preto,PIE,178544660.0,Mata Velha Energética S.A.,7439360.833333333
PCH,PCH Ypê,A-5,Leilão 6/2013,29.3,16.7,"16,7",131.2,GO,Rio Verde,PIE,149483000.0,Santa Helena Energia Ltda.,5101808.8737201365
UTE,UTE Amandina,A-5,Leilão 6/2013,40.0,13.3,10,135.0,MS,Bagaço de Cana,PIE,94329630.0,Adecoagro Vale do Ivinhema S.A.,2358240.75
UTE,UTE Canto do Buriti,A-5,Leilão 6/2013,150.0,119.1,"119,1",136.69,PI,Cavaco de Madeira,PIE,469407000.0,Canto do Buriti Bioeletricidade S.A.,3129380.0
UTE,UTE Campo Grande,A-5,Leilão 6/2013,150.0,122.1,"122,1",136.69,BA,Cavaco de Madeira,PIE,496407000.0,Campo Grande Bioeletricidade S.A.,3309380.0
UTE,UTE Delta,A-5,Leilão 6/2013,40.0,23.8,19,135.31,MG,Bagaço de Cana,PIE,113600000.0,Usina Delta S.A.,2840000.0
UTE,UTE Eldorado ampliação,A-5,Leilão 6/2013,116.0,52.2,"52,2",132.3,MS,Bagaço de Cana,PIE,215429000.0,Usina Eldorado S.A.,1857146.551724138
UTE,UTE Santa Helena,A-5,Leilão 6/2013,45.0,15.2,"15,2",132.81,MS,Bagaço de Cana,PIE,165000000.0,Energética Santa Helena S.A.,3666666.6666666665
UTE,UTE Caarapó,A-5,Leilão 6/2013,38.0,17.0,"15,3",134.37,MS,Bagaço de Cana,PIE,140143300.0,Raízen Caarapó S.A. Açúcar e Álcool,3687981.5789473685
UTE,UTE Guarani Tanabi,A-5,Leilão 6/2013,34.0,15.0,"10,6",134.89,SP,Bagaço de Cana,PIE,93750000.0,Guarani S.A. ,2757352.9411764704
UTE,UTE Guarani Tanabi 2,A-5,Leilão 6/2013,34.0,16.0,"11,3",133.89,SP,Bagaço de Cana,PIE,85676600.0,Guarani S.A. ,2519900.0
EOL,EOL Capão do Inglês,A-3,Leilão 9/2013,10.0,3.9,"2,8",126.0,RS,Vento,PIE,53879530.0,"Consórcio Capão do Inglês: Eletrosul Centrais Elétricas S.A. (99,99%) e Renobrax Energias Renováveis Ltda. (00,01%)",5387953.0
EOL,EOL Caetité C,A-3,Leilão 9/2013,15.0,4.0,"3,9",125.46,BA,Vento,PIE,36010000.0,Centrais Eólicas de Caetité Participações S.A.,2400666.6666666665
EOL,EOL Chuí 09,A-3,Leilão 9/2013,20.0,7.8,"5,5",123.9,RS,Vento,PIE,96129150.0,"Consórcio Chuí 09: Eletrosul Centrais Elétricas S.A. (99,99%) e Renobrax Energias Renováveis Ltda. (00,01%)",4806457.5
EOL,EOL Coxilha Seca,A-3,Leilão 9/2013,30.0,11.8,"8,3",126.0,RS,Vento,PIE,132366920.0,"Consórcio Coxilha Seca: Eletrosul Centrais Elétricas S.A. (99,99%) e Renobrax Energias Renováveis Ltda. (00,01%)",4412230.666666667
EOL,EOL Serra das VAcas I,A-3,Leilão 9/2013,30.0,12.2,"12,2",122.88,PE,Vento,PIE,124446750.0,Consórcio Serra das Vacas I: Pec Energia Ltda (51%) e Companhia Hidro Elétrica do São Francisco – Chesf (49%),4148225.0
EOL,EOL Serra das VAcas II,A-3,Leilão 9/2013,30.0,9.9,"9,9",122.88,PE,Vento,PIE,122640000.0,Consórcio Serra das Vacas II : Pec Energia Ltda (51%) e Companhia Hidro Elétrica do São Francisco – Chesf (49%),4088000.0
EOL,EOL Serra das VAcas III,A-3,Leilão 9/2013,30.0,11.0,11,122.88,PE,Vento,PIE,122640000.0,Consórcio Serra das Vacas III: Pec Energia Ltda (51%) e Companhia Hidro Elétrica do São Francisco – Chesf (49%),4088000.0
EOL,EOL Serra das VAcas IV,A-3,Leilão 9/2013,30.0,10.5,"10,5",122.88,PE,Vento,PIE,122640000.0,Consórcio Serra das Vacas IV: Pec Energia Ltda (51%) e Companhia Hidro Elétrica do São Francisco – Chesf (49%),4088000.0
EOL,EOLCurupira,A-3,Leilão 9/2013,25.0,9.6,"9,2",125.9,RS,Vento,PIE,96038510.0,"Consórcio Curupira: Companhia Estadual de Geração e Transmissão de Energia Elétrica (99,99%) e Central Geradora Eólica Curupira Ltda. (00,01%)",3841540.4
EOL,EOL Pontal 2A,A-3,Leilão 9/2013,21.6,7.1,"7,1",125.9,RS,Vento,PIE,97362000.0,Enerplan Energia Eólica IV S.A.,4507500.0
EOL,EOL Fazenda Vera Cruz,A-3,Leilão 9/2013,22.5,8.5,"8,2",125.9,RS,Vento,PIE,86452990.0,"Consórcio Fazenda Vera Cruz: Companhia Estadual de Geração e Transmissão de Energia Elétrica (99,99%) e Central Geradora Eólica Fazenda Vera Cruz Ltda (00,01%)",3842355.111111111
EOL,EOL Galpões,A-3,Leilão 9/2013,8.0,3.0,"2,1",126.0,RS,Vento,PIE,45975800.0,"Consórcio Galpões: Eletrosul Centrais Elétricas S.A. (99,99%) e Renobrax Energias Renováveis Ltda. (00,01%)",5746975.0
EOL,EOL Coqueirinho 2,A-3,Leilão 9/2013,20.0,8.5,"7,3",122.86,BA,Vento,PIE,34423850.0,Consórcio Expansão Guirapá: Sequoia Capital Ltda. (51%) e Companhia Hidro Elétrica do São Francisco – Chesf (49%),1721192.5
EOL,EOL Papagaio,A-3,Leilão 9/2013,18.0,4.9,"4,7",122.58,BA,Vento,PIE,34423850.0,Consórcio Expansão Guirapá: Sequoia Capital Ltda. (51%) e Companhia Hidro Elétrica do São Francisco – Chesf (49%),1912436.111111111
EOL,EOL Itarema I,A-3,Leilão 9/2013,28.0,16.9,"13,5",125.47,CE,Vento,PIE,88587000.0,Itarema Geração de Energia Ltda.,3163821.4285714286
EOL,EOL  Itarema II,A-3,Leilão 9/2013,30.0,15.4,13,125.48,CE,Vento,PIE,94916000.0,Itarema Geração de Energia Ltda.,3163866.6666666665
EOL,EOL  Itarema III,A-3,Leilão 9/2013,14.0,8.5,"7,6",125.5,CE,Vento,PIE,44299000.0,Itarema Geração de Energia Ltda.,3164214.285714286
EOL,EOL  Itarema V,A-3,Leilão 9/2013,26.0,12.1,"9,4",125.49,CE,Vento,PIE,90365000.0,Itarema Geração de Energia Ltda.,3475576.923076923
EOL,EOL Ventos de Guarás I,A-3,Leilão 9/2013,30.0,15.9,"15,5",118.0,BA,Vento,PIE,111050000.0,Consórcio Morrinhos II: Atlantic Energias Renováveis S.A. (80%) e Casa dos Ventos Energias Renováveis S.A. (20%),3701666.6666666665
EOL,EOL Povo Novo,A-3,Leilão 9/2013,7.5,2.9,"2,9",125.9,RS,Vento,PIE,32583650.0,"Consórcio Povo Novo: Companhia Estadual de Geração e Transmissão de Energia Elétrica (99,99%) e Central Geradora Eólica Povo Novo Ltda. (00,01%)",4344486.666666667
EOL,EOL Ventos de Santa Joana I,A-3,Leilão 9/2013,30.0,14.7,"14,7",125.37,PI,Vento,PIE,105250000.0,"Consórcio Ventos de Santa Joana I: Ventos de Santa Joana Energias Renováveis S.A. (00,10%), Salus - Fundo de Investimento em Participações (04,90%), Companhia Hidro Elétrica do São Francisco – Chesf (49%) e Contour Global do Brasil Holding Ltda. (46%)",3508333.3333333335
EOL,EOL Ventos de Santa Joana III,A-3,Leilão 9/2013,30.0,14.3,"13,4",125.37,PI,Vento,PIE,105250000.0,"Consórcio Ventos de Santa Joana III: Ventos de Santa Joana Energias Renováveis S.A. (00,10%), Salus - Fundo de Investimento em Participações (04,90%), Companhia Hidro Elétrica do São Francisco – Chesf (49%) e Contour Global do Brasil Holding Ltda. (46%)",3508333.3333333335
EOL,EOL Ventos de Santa Joana IV,A-3,Leilão 9/2013,30.0,14.2,"14,2",125.37,PI,Vento,PIE,105250000.0,"Consórcio Ventos de Santa Joana IV: Ventos de Santa Joana Energias Renováveis S.A. (00,10%), Salus - Fundo de Investimento em Participações (04,90%), Companhia Hidro Elétrica do São Francisco – Chesf (49%) e Contour Global do Brasil Holding Ltda. (46%)",3508333.3333333335
EOL,EOL Ventos de Santa Joana V,A-3,Leilão 9/2013,30.0,14.1,"14,1",125.37,PI,Vento,PIE,105250000.0,"Consórcio Ventos de Santa Joana V: Ventos de Santa Joana Energias Renováveis S.A. (00,10%), Salus - Fundo de Investimento em Participações (04,90%), Companhia Hidro Elétrica do São Francisco – Chesf (49%) e Contour Global do Brasil Holding Ltda. (46%)",3508333.3333333335
EOL,EOL Ventos de Santa Joana VII,A-3,Leilão 9/2013,30.0,14.8,"14,8",125.37,PI,Vento,PIE,105250000.0,"Consórcio Ventos de Santa Joana VII: Ventos de Santa Joana Energias Renováveis S.A. (00,10%), Salus - Fundo de Investimento em Participações (04,90%), Companhia Hidro Elétrica do São Francisco – Chesf (49%) e Contour Global do Brasil Holding Ltda. (46%)",3508333.3333333335
EOL,EOL Ventos de Santo Augusto III,A-3,Leilão 9/2013,30.0,15.6,14,125.38,PI,Vento,PIE,102940000.0,"Consórcio Ventos de Santo Augusto III: Ventos de Santo Augusto Energias Renováveis S.A. (00,01%) e Salus - Fundo de Investimento em Participações (99,99%)",3431333.3333333335
EOL,EOL Ventos de Santo Augusto IV,A-3,Leilão 9/2013,30.0,15.7,"15,4",125.37,PI,Vento,PIE,102940000.0,"Consórcio Ventos de Santo Augusto IV: Ventos de Santo Augusto Energias Renováveis S.A. (00,10%), Salus - Fundo de Investimento em Participações (04,90%), Companhia Hidro Elétrica do São Francisco – Chesf (49%) e Contour Global do Brasil Holding Ltda. (46%)",3431333.3333333335
EOL,EOL Ventos de Santo Augusto V,A-3,Leilão 9/2013,30.0,16.2,"13,4",125.38,PI,Vento,PIE,102940000.0,"Consórcio Ventos de Santo Augusto V: Ventos de Santo Augusto Energias Renováveis S.A. (00,01%) e Salus - Fundo de Investimento em Participações (99,99%)",3431333.3333333335
EOL,EOL Verace 24,A-3,Leilão 9/2013,22.0,9.2,"6,5",123.9,RS,Vento,PIE,105742050.0,"Consórcio Verace 24: Eletrosul Centrais Elétricas S.A. (99,99%) e Renobrax Energias Renováveis Ltda. (00,01%)",4806456.818181818
EOL,EOL Verace 25,A-3,Leilão 9/2013,8.0,3.3,"2,4",123.9,RS,Vento,PIE,38451650.0,"Consórcio Verace 25: Eletrosul Centrais Elétricas S.A. (99,99%) e Renobrax Energias Renováveis Ltda. (00,01%)",4806456.25
EOL,EOL Verace 26,A-3,Leilão 9/2013,16.0,7.0,"4,9",123.9,RS,Vento,PIE,76903310.0,"Consórcio Verace 26: Eletrosul Centrais Elétricas S.A. (99,99%) e Renobrax Energias Renováveis Ltda. (00,01%)",4806456.875
EOL,EOL Verace 27,A-3,Leilão 9/2013,18.0,7.9,"5,6",123.9,RS,Vento,PIE,86516240.0,"Consórcio Verace 27: Eletrosul Centrais Elétricas S.A. (99,99%) e Renobrax Energias Renováveis Ltda. (00,01%)",4806457.777777778
EOL,EOL Verace 28,A-3,Leilão 9/2013,14.0,5.9,"4,2",123.9,RS,Vento,PIE,67290400.0,"Consórcio Verace 28: Eletrosul Centrais Elétricas S.A. (99,99%) e Renobrax Energias Renováveis Ltda. (00,01%)",4806457.142857143
EOL,EOL Verace 29,A-3,Leilão 9/2013,20.0,8.3,"5,9",123.9,RS,Vento,PIE,96129150.0,"Consórcio Verace 29: Eletrosul Centrais Elétricas S.A. (99,99%) e Renobrax Energias Renováveis Ltda. (00,01%)",4806457.5
EOL,EOL Verace 30,A-3,Leilão 9/2013,20.0,8.2,"5,8",123.9,RS,Vento,PIE,96129150.0,"Consórcio Verace 30: Eletrosul Centrais Elétricas S.A. (99,99%) e Renobrax Energias Renováveis Ltda. (00,01%)",4806457.5
EOL,EOL Verace 31,A-3,Leilão 9/2013,10.0,4.2,3,123.9,RS,Vento,PIE,48064560.0,"Consórcio Verace 31: Eletrosul Centrais Elétricas S.A. (99,99%) e Renobrax Energias Renováveis Ltda. (00,01%)",4806456.0
EOL,EOL Verace 34,A-3,Leilão 9/2013,16.0,6.7,"4,7",123.9,RS,Vento,PIE,76903310.0,"Consórcio Verace 34: Eletrosul Centrais Elétricas S.A. (99,99%) e Renobrax Energias Renováveis Ltda. (00,01%)",4806456.875
EOL,EOL Verace 35,A-3,Leilão 9/2013,14.0,5.8,"4,1",123.9,RS,Vento,PIE,67290400.0,"Consórcio Verace 35: Eletrosul Centrais Elétricas S.A. (99,99%) e Renobrax Energias Renováveis Ltda. (00,01%)",4806457.142857143
EOL,EOL Verace 36,A-3,Leilão 9/2013,24.0,9.7,"6,8",123.9,RS,Vento,PIE,115354960.0,"Consórcio Verace 36: Eletrosul Centrais Elétricas S.A. (99,99%) e Renobrax Energias Renováveis Ltda. (00,01%)",4806456.666666667
PCH,PCH Água Limpa,A-5,Leilão 10/2013,23.0,11.44,6,138.0,MG,Rio Piracicaba,PIE,142410110.0,Alupar Investimento S.A.,6191743.9130434785
PCH,PCH Ado Popinhak,A-5,Leilão 10/2013,19.3,10.44,"10,4",135.9,SC,Rio Canoas,PIE,99698680.0,Companhia Energética Canoas,5165734.715025906
PCH,PCH Linha Aparecida,A-5,Leilão 10/2013,24.92,13.78,"11,7",136.98,RS,Rio da Várzea,PIE,134476550.0,COOGERVA Linha Aparecida Energia S.A.,5396330.25682183
PCH,PCH Linha Jacinto,A-5,Leilão 10/2013,17.41,9.87,"9,3",137.98,RS,Rio da Várzea,PIE,101616060.0,COOGERVA Linha Jacinto Energia S.A.,5836649.052268811
PCH,PCH Fazenda Velha,A-5,Leilão 10/2013,16.5,8.9,"6,7",131.95,GO,Rio Ariranha,PIE,68541970.0,Energética Fazenda Velha S.A.,4154058.787878788
PCH,PCH Garça Branca,A-5,Leilão 10/2013,6.5,3.4,"3,2",137.86,SC,Rio das Antas,PIE,37382820.0,Garça Branca Energética Ltda.,5751203.076923077
PCH,PCH Jardim,A-5,Leilão 10/2013,9.0,4.46,"1,1",139.0,RS,Rio Turvo,PIE,35437000.0,Hidrelétrica Jardim Ltda.,3937444.4444444445
PCH,PCH Morro Grande,A-5,Leilão 10/2013,9.8,4.38,"1,1",139.0,RS,Rio Ituim,PIE,27096000.0,Hidrelétrica Morro Grande Ltda.,2764897.9591836734
PCH,PCH Nova Mutum,A-5,Leilão 10/2013,14.0,6.12,"1,2",139.0,MT,Rio dos Patos,PIE,68460000.0,Agroenergética Mato Grosso Ltda.,4890000.0
PCH,PCH Serra das Agulhas,A-5,Leilão 10/2013,28.0,11.7,"11,7",134.9,MG,Rio Pardo Pequeno,PIE,125667440.0,Sigma Energia S.A.,4488122.857142857
PCH,PCH Pito,A-5,Leilão 10/2013,4.0,2.3,"2,3",134.9,SC,Rio Lajeado Passo Grande,PIE,23871000.0,Pinhal Geradora de Energia S.A.,5967750.0
PCH,PCH Quartel I,A-5,Leilão 10/2013,30.0,14.0,"13,9",139.2,MG,Rio Paraúna,PIE,143734680.0,Quartel Um Energética S.A.,4791156.0
PCH,PCH Quartel II,A-5,Leilão 10/2013,30.0,14.2,"14,1",139.2,MG,Rio Paraúna,PIE,147755020.0,Quartel Dois Energética S.A.,4925167.333333333
PCH,PCH Quartel III,A-5,Leilão 10/2013,30.0,14.1,14,139.2,MG,Rio Paraúna,PIE,120321420.0,Quartel Três Energética S.A.,4010714.0
PCH,PCH Renic,A-5,Leilão 10/2013,16.0,6.55,"2,5",136.9,GO,Rio Bonito,PIE,23411500.0,Carnaúba Geração de Energia S.A.,1463218.75
PCH,PCH Tamboril,A-5,Leilão 10/2013,29.33,12.91,7,136.9,GO,Rio Bonito,PIE,21856700.0,Tamboril Energética S.A.,745199.4544834641
UHE,UHE São Manoel,A-5,Leilão 10/2013,700.0,421.7,"409,5",83.49,PA,Rio Teles Pires,PIE,2292951980.0,"Consórcio Terra Nova:
EDP Energias do Brasil S.A (66,667 % - Líder) e Furnas Centrais Elétricas S.A. (33,333 %)",3275645.685714286
UTE,UTE ERB Candeias,A-5,Leilão 10/2013,16.79,14.9,"14,9",135.49,BA,Cavaco de Madeira,PIE,38400000.0,ERB Aratinga S.A.,2287075.640262061
UTE,UTE Santa Cândida II,A-5,Leilão 10/2013,55.0,23.1,"22,8",133.02,SP,Bagaço de Cana,PIE,218840730.0,"Consórcio USC II:  
Energisa S.A. (99,99 % - Líder)
Energisa Bioeletricidade Santa Cândida II S.A. (0,01 %)",3978922.3636363638
UTE,UTE Santo Ângelo,A-5,Leilão 10/2013,30.0,13.9,"10,5",135.45,MG,Bagaço de Cana,PIE,55000000.0,USA - Usina Santo Ângelo Ltda.,1833333.3333333333
UTE,UTE Vista Alegre II,A-5,Leilão 10/2013,30.0,20.4,"20,4",133.0,MS,Bagaço de Cana,PIE,94554240.0,"Consórcio UVA II: 
Energisa S.A. (99,99 % - Líder)
Energisa Bioeletricidade Vista Alegre II S.A. (0,01 %)",3151808.0
UTE,UTE Vista Alegre I,A-5,Leilão 10/2013,30.0,22.2,"15,6",133.01,MS,Bagaço de Cana,PIE,94554240.0,Energisa Bioeletricidade Vista Alegre I S.A.,3151808.0
EOL,EOL Arara Azul,A-5,Leilão 10/2013,27.5,10.7,"9,8",121.3,RN,Vento,PIE,95427000.0,"Consórcio Arara Azul: 
Furnas Centrais Elétricas S.A. (90 % - Líder)
Eólica Tecnologia Ltda. (7 %)
Ventos Tecnologia Elétrica Ltda. (2,99 %)
Central Eólica Arara Azul Ltda. (0,01 %)",3470072.727272727
EOL,EOL Bentevi,A-5,Leilão 10/2013,15.0,5.7,"5,2",121.3,RN,Vento,PIE,53630000.0,"Consórcio Bentevi:
Furnas Centrais Elétricas S.A. (90 % - Líder)
Eólica Tecnologia Ltda. (7 %)
Ventos Tecnologia Elétrica Ltda. (2,99 %)
Central Eólica Bentevi Ltda. (0,01 %) ",3575333.3333333335
EOL,EOL Ouro Verde I,A-5,Leilão 10/2013,27.5,10.7,"9,8",121.3,RN,Vento,PIE,95427000.0,"Consórcio Ouro Verde I:
Furnas Centrais Elétricas S.A. (90 % - Líder)
Eólica Tecnologia Ltda. (7 %)
Ventos Tecnologia Elétrica Ltda. (2,99 %)
Central Eólica Ouro Verde I Ltda. (0,01 %)",3470072.727272727
EOL,EOL Ouro Verde II,A-5,Leilão 10/2013,30.0,11.2,"10,4",121.3,RN,Vento,PIE,103932000.0,"Consórcio Ouro Verde II:
Furnas Centrais Elétricas S.A. (90 % - Líder)
Eólica Tecnologia Ltda. (7 %)
Ventos Tecnologia Elétrica Ltda. (2,99 %)
Central Eólica Ouro Verde II Ltda. (0,01 %)",3464400.0
EOL,EOL Ouro Verde III,A-5,Leilão 10/2013,25.0,9.4,"8,6",121.3,RN,Vento,PIE,86922000.0,"Consórcio Ouro Verde III:
Furnas Centrais Elétricas S.A. (90 % - Líder)
Eólica Tecnologia Ltda. (7 %)
Ventos Tecnologia Elétrica Ltda. (2,99 %)
Central Eólica Ouro Verde III Ltda. (0,01 %)",3476880.0
EOL,EOL Aura Mangueira IV,A-5,Leilão 10/2013,22.0,9.7,"9,7",119.48,RS,Vento,PIE,81290000.0,Atlantic Energias Renováveis S.A.,3695000.0
EOL,EOL Aura Mangueira VI,A-5,Leilão 10/2013,28.0,12.3,"12,3",119.48,RS,Vento,PIE,103460000.0,Atlantic Energias Renováveis S.A.,3695000.0
EOL,EOL Aura Mangueira XI,A-5,Leilão 10/2013,10.0,4.3,"4,3",119.48,RS,Vento,PIE,36950000.0,Atlantic Energias Renováveis S.A.,3695000.0
EOL,EOL Aura Mangueira XII,A-5,Leilão 10/2013,16.0,6.9,"6,9",119.48,RS,Vento,PIE,59120000.0,Atlantic Energias Renováveis S.A.,3695000.0
EOL,EOL Aura Mangueira XIII,A-5,Leilão 10/2013,14.0,6.0,6,119.49,RS,Vento,PIE,51730000.0,Atlantic Energias Renováveis S.A.,3695000.0
EOL,EOL Aura Mangueira XV,A-5,Leilão 10/2013,18.0,7.9,"7,9",119.48,RS,Vento,PIE,66510000.0,Atlantic Energias Renováveis S.A.,3695000.0
EOL,EOL Aura Mangueira XVII,A-5,Leilão 10/2013,14.0,5.8,"5,8",119.48,RS,Vento,PIE,51730000.0,Atlantic Energias Renováveis S.A.,3695000.0
EOL,EOL Aura Mirim IV,A-5,Leilão 10/2013,14.0,6.0,6,119.5,RS,Vento,PIE,51730000.0,Atlantic Energias Renováveis S.A.,3695000.0
EOL,EOL Aura Mirim VI,A-5,Leilão 10/2013,8.0,3.4,"3,4",119.48,RS,Vento,PIE,29560000.0,Atlantic Energias Renováveis S.A.,3695000.0
EOL,EOL Aura Mirim VIII,A-5,Leilão 10/2013,8.0,3.3,"3,3",119.48,RS,Vento,PIE,29560000.0,Atlantic Energias Renováveis S.A.,3695000.0
EOL,EOL Banda de Couro,A-5,Leilão 10/2013,29.7,12.9,"12,5",121.8,BA,Vento,PIE,103950000.0,"Consórcio Banda de Couro: 
Brennand Energia Eólica S.A. (0,1 % - Líder)
Brennand Energia S.A. (50,9 %)
Companhia Hidro Elétrica do São Francisco – CHESF (49 %)",3500000.0
EOL,EOL Baraúnas II,A-5,Leilão 10/2013,21.6,7.8,"7,8",119.99,BA,Vento,PIE,75600000.0,"Consórcio Baraúnas II:
Brennand Energia Eólica S.A. (0,1 % - Líder)
Brennand Energia S.A. (50,9 %)
Companhia Hidro Elétrica do São Francisco – CHESF (49 %)",3500000.0
EOL,EOL Bons Ventos Cacimbas 2,A-5,Leilão 10/2013,25.2,9.8,"9,3",121.58,CE,Vento,PIE,0.0,"Consórcio Bons Ventos Cacimbas:
Servtec Investimentos e Participações Ltda. (99,98 % - Líder)
Geradora Brasileira de Energia S.A. (0,01 %)
Servtec RM Participações S.A. (0,01 %)",0.0
EOL,EOL Bons Ventos Cacimbas 3,A-5,Leilão 10/2013,14.7,6.0,6,121.58,CE,Vento,PIE,61708520.0,"Consórcio Bons Ventos Cacimbas:
Servtec Investimentos e Participações Ltda. (99,98 % - Líder)
Geradora Brasileira de Energia S.A. (0,01 %)
Servtec RM Participações S.A. (0,01 %)",4197858.5034013605
EOL,EOL Bons Ventos Cacimbas 4,A-5,Leilão 10/2013,10.5,4.3,"4,3",121.58,CE,Vento,PIE,44079790.0,"Consórcio Bons Ventos Cacimbas:
Servtec Investimentos e Participações Ltda. (99,98 % - Líder)
Geradora Brasileira de Energia S.A. (0,01 %)
Servtec RM Participações S.A. (0,01 %)",4198075.238095238
EOL,EOL Bons Ventos Cacimbas 5,A-5,Leilão 10/2013,23.1,9.6,"9,2",121.58,CE,Vento,PIE,96971900.0,"Consórcio Bons Ventos Cacimbas:
Servtec Investimentos e Participações Ltda. (99,98 % - Líder)
Geradora Brasileira de Energia S.A. (0,01 %)
Servtec RM Participações S.A. (0,01 %)",4197917.748917748
EOL,EOL Bons Ventos Cacimbas 7,A-5,Leilão 10/2013,16.8,6.5,"6,5",121.58,CE,Vento,PIE,70525000.0,"Consórcio Bons Ventos Cacimbas:
Servtec Investimentos e Participações Ltda. (99,98 % - Líder)
Geradora Brasileira de Energia S.A. (0,01 %)
Servtec RM Participações S.A. (0,01 %)",4197916.666666666
EOL,EOL Itaguaçu da Bahia,A-5,Leilão 10/2013,28.0,14.0,"12,1",120.02,BA,Vento,PIE,96077000.0,"Consórcio Casa dos Ventos I:  
Furnas Centrais Elétricas S.A. (49 % - Líder)
Casa dos Ventos Energias Renováveis S.A. (2 %)
Salus Fundo de Investimento em Participações (49 %)",3431321.4285714286
EOL,EOL Ventos de Santa Luiza,A-5,Leilão 10/2013,28.0,14.2,"12,2",120.01,BA,Vento,PIE,96077000.0,"Consórcio Casa dos Ventos I:  
Furnas Centrais Elétricas S.A. (49 % - Líder)
Casa dos Ventos Energias Renováveis S.A. (2 %)
Salus Fundo de Investimento em Participações (49 %)",3431321.4285714286
EOL,EOL Ventos de Santa Madalena,A-5,Leilão 10/2013,28.0,14.7,"12,7",120.01,BA,Vento,PIE,96077000.0,"Consórcio Casa dos Ventos I:  
Furnas Centrais Elétricas S.A. (49 % - Líder)
Casa dos Ventos Energias Renováveis S.A. (2 %)
Salus Fundo de Investimento em Participações (49 %)",3431321.4285714286
EOL,EOL Ventos de Santa Marcella,A-5,Leilão 10/2013,28.0,13.6,"11,7",120.02,BA,Vento,PIE,96077000.0,"Consórcio Casa dos Ventos I:  
Furnas Centrais Elétricas S.A. (49 % - Líder)
Casa dos Ventos Energias Renováveis S.A. (2 %)
Salus Fundo de Investimento em Participações (49 %)",3431321.4285714286
EOL,EOL Ventos de Santa Vera,A-5,Leilão 10/2013,28.0,15.2,"13,1",120.02,BA,Vento,PIE,96077000.0,"Consórcio Casa dos Ventos I:  
Furnas Centrais Elétricas S.A. (49 % - Líder)
Casa dos Ventos Energias Renováveis S.A. (2 %)
Salus Fundo de Investimento em Participações (49 %)",3431321.4285714286
EOL,EOL Ventos de Santo Antonio,A-5,Leilão 10/2013,28.0,16.1,"13,9",120.01,BA,Vento,PIE,96077000.0,"Consórcio Casa dos Ventos I:  
Furnas Centrais Elétricas S.A. (49 % - Líder)
Casa dos Ventos Energias Renováveis S.A. (2 %)
Salus Fundo de Investimento em Participações (49 %)",3431321.4285714286
EOL,EOL Ventos de São Bento,A-5,Leilão 10/2013,28.0,14.4,"12,4",120.01,BA,Vento,PIE,96077000.0,"Consórcio Casa dos Ventos I:  
Furnas Centrais Elétricas S.A. (49 % - Líder)
Casa dos Ventos Energias Renováveis S.A. (2 %)
Salus Fundo de Investimento em Participações (49 %)",3431321.4285714286
EOL,EOL Ventos de São Cirilo,A-5,Leilão 10/2013,28.0,14.7,"12,7",120.02,BA,Vento,PIE,96077000.0,"Consórcio Casa dos Ventos I:  
Furnas Centrais Elétricas S.A. (49 % - Líder)
Casa dos Ventos Energias Renováveis S.A. (2 %)
Salus Fundo de Investimento em Participações (49 %)",3431321.4285714286
EOL,EOL Ventos de São João,A-5,Leilão 10/2013,28.0,15.0,"12,9",120.01,BA,Vento,PIE,96077000.0,"Consórcio Casa dos Ventos I:  
Furnas Centrais Elétricas S.A. (49 % - Líder)
Casa dos Ventos Energias Renováveis S.A. (2 %)
Salus Fundo de Investimento em Participações (49 %)",3431321.4285714286
EOL,EOL Ventos de São Rafael,A-5,Leilão 10/2013,28.0,13.8,"11,9",120.02,BA,Vento,PIE,96077000.0,"Consórcio Casa dos Ventos I:  
Furnas Centrais Elétricas S.A. (49 % - Líder)
Casa dos Ventos Energias Renováveis S.A. (2 %)
Salus Fundo de Investimento em Participações (49 %)",3431321.4285714286
EOL,EOL Assuruá I,A-5,Leilão 10/2013,30.0,11.5,"11,5",118.8,BA,Vento,PIE,141870000.0,Centrais Eólicas Assuruá S.A.,4729000.0
EOL,EOL Assuruá VI,A-5,Leilão 10/2013,30.0,13.8,"13,8",118.76,BA,Vento,PIE,141870000.0,Centrais Eólicas Assuruá S.A.,4729000.0
EOL,EOL Capoeiras I,A-5,Leilão 10/2013,26.0,11.5,"11,5",118.8,BA,Vento,PIE,123628000.0,Centrais Eólicas Assuruá S.A,4754923.076923077
EOL,EOL Capoeiras II,A-5,Leilão 10/2013,30.0,13.9,"13,9",118.76,BA,Vento,PIE,141870000.0,Centrais Eólicas Assuruá S.A.,4729000.0
EOL,EOL Curral de Pedras III,A-5,Leilão 10/2013,30.0,13.2,"13,2",118.78,BA,Vento,PIE,141870000.0,Centrais Eólicas Assuruá S.A.,4729000.0
EOL,EOL Curral de Pedras IV,A-5,Leilão 10/2013,20.0,8.9,"8,9",118.78,BA,Vento,PIE,96270000.0,Centrais Eólicas Assuruá S.A.,4813500.0
EOL,EOL Aroeira,A-5,Leilão 10/2013,30.0,11.3,"11,3",108.9,RN,Vento,PIE,104506950.0,Central Eólica Aventura S.A.,3483565.0
EOL,EOL Jericó,A-5,Leilão 10/2013,30.0,11.9,"11,4",108.9,RN,Vento,PIE,104506950.0,Central Eólica Aventura S.A.,3483565.0
EOL,EOL Umbuzeiros,A-5,Leilão 10/2013,30.0,12.4,"11,6",108.9,RN,Vento,PIE,104506950.0,Central Eólica Aventura S.A.,3483565.0
EOL,EOL Casa Nova II,A-5,Leilão 10/2013,28.0,7.1,"7,1",118.95,BA,Vento,PIE,125872750.0,Companhia Hidro Elétrica do São Francisco - CHESF,4495455.357142857
EOL,EOL Casa Nova III,A-5,Leilão 10/2013,24.0,5.5,"5,5",118.95,BA,Vento,PIE,125872750.0,Companhia Hidro Elétrica do São Francisco - CHESF,5244697.916666667
EOL,EOL Pedra Cheirosa,A-5,Leilão 10/2013,26.0,13.6,"13,6",117.4,CE,Vento,PIE,103370000.0,"Consórcio CPFL Renováveis Pedra Cheirosa I: 
CPFL Energias Renováveis S.A. (99,99 % - Líder)
Pedra Cheirosa I Energia Ltda. (0,01 %)",3975769.230769231
EOL,EOL Pedra Cheirosa II,A-5,Leilão 10/2013,24.0,12.5,"12,5",117.39,CE,Vento,PIE,95418000.0,"Consórcio CPFL Renováveis Pedra Cheirosa II:  
CPFL Energias Renováveis S.A. (99,99 % - Líder)
Pedra Cheirosa II Energia Ltda. (0,01 %)",3975750.0
EOL,EOL Umburanas 1,A-5,Leilão 10/2013,27.0,14.5,"14,1",117.77,BA,Vento,PIE,98244980.0,"Consórcio Renova Moinhos de Vento:
Renova Energia S.A. (99,99 % - Líder)
Moinhos de Vento Energia S.A. (0,01 %) ",3638702.962962963
EOL,EOL Umburanas 10,A-5,Leilão 10/2013,21.0,10.7,"10,4",117.77,BA,Vento,PIE,82966570.0,"Consórcio Renova Moinhos de Vento:
Renova Energia S.A. (99,99 % - Líder)
Moinhos de Vento Energia S.A. (0,01 %) ",3950789.0476190476
EOL,EOL Umburanas 11,A-5,Leilão 10/2013,15.0,7.4,"7,2",117.77,BA,Vento,PIE,67409910.0,"Consórcio Renova Moinhos de Vento:
Renova Energia S.A. (99,99 % - Líder)
Moinhos de Vento Energia S.A. (0,01 %) ",4493994.0
EOL,EOL Umburanas 12,A-5,Leilão 10/2013,22.8,12.0,"11,7",117.77,BA,Vento,PIE,92610910.0,"Consórcio Renova Moinhos de Vento:
Renova Energia S.A. (99,99 % - Líder)
Moinhos de Vento Energia S.A. (0,01 %) ",4061882.0175438593
EOL,EOL Umburanas  13,A-5,Leilão 10/2013,18.9,10.3,10,117.77,BA,Vento,PIE,81843380.0,"Consórcio Renova Moinhos de Vento:
Renova Energia S.A. (99,99 % - Líder)
Moinhos de Vento Energia S.A. (0,01 %) ",4330337.566137566
EOL,EOL Umburanas 14,A-5,Leilão 10/2013,24.9,12.2,"11,9",119.75,BA,Vento,PIE,108050960.0,"Consórcio Renova Moinhos de Vento:
Renova Energia S.A. (99,99 % - Líder)
Moinhos de Vento Energia S.A. (0,01 %) ",4339395.983935744
EOL,EOL Umburanas 15,A-5,Leilão 10/2013,18.9,9.6,"9,4",119.75,BA,Vento,PIE,81086370.0,"Consórcio Renova Moinhos de Vento:
Renova Energia S.A. (99,99 % - Líder)
Moinhos de Vento Energia S.A. (0,01 %) ",4290284.126984127
EOL,EOL Umburanas 16,A-5,Leilão 10/2013,27.0,14.1,"12,7",119.75,BA,Vento,PIE,97625710.0,"Consórcio Renova Moinhos de Vento:
Renova Energia S.A. (99,99 % - Líder)
Moinhos de Vento Energia S.A. (0,01 %) ",3615767.037037037
EOL,EOL Umburanas 18,A-5,Leilão 10/2013,8.1,4.4,"4,2",119.75,BA,Vento,PIE,35806790.0,"Consórcio Renova Moinhos de Vento:
Renova Energia S.A. (99,99 % - Líder)
Moinhos de Vento Energia S.A. (0,01 %) ",4420591.358024691
EOL,EOL Umburanas 2,A-5,Leilão 10/2013,27.0,14.3,"13,9",117.77,BA,Vento,PIE,99773540.0,"Consórcio Renova Moinhos de Vento:
Renova Energia S.A. (99,99 % - Líder)
Moinhos de Vento Energia S.A. (0,01 %) ",3695316.296296296
EOL,EOL Umburanas  3,A-5,Leilão 10/2013,18.9,10.1,"9,8",118.76,BA,Vento,PIE,83589900.0,"Consórcio Renova Moinhos de Vento:
Renova Energia S.A. (99,99 % - Líder)
Moinhos de Vento Energia S.A. (0,01 %) ",4422746.031746032
EOL,EOL Umburanas 4,A-5,Leilão 10/2013,18.9,9.9,"9,7",119.75,BA,Vento,PIE,82620790.0,"Consórcio Renova Moinhos de Vento:
Renova Energia S.A. (99,99 % - Líder)
Moinhos de Vento Energia S.A. (0,01 %) ",4371470.37037037
EOL,EOL Umburanas 5,A-5,Leilão 10/2013,18.9,9.5,"9,3",119.75,BA,Vento,PIE,81692060.0,"Consórcio Renova Moinhos de Vento:
Renova Energia S.A. (99,99 % - Líder)
Moinhos de Vento Energia S.A. (0,01 %) ",4322331.216931217
EOL,EOL Umburanas 6,A-5,Leilão 10/2013,21.6,11.6,"11,3",118.76,BA,Vento,PIE,71979410.0,"Consórcio Renova Moinhos de Vento:
Renova Energia S.A. (99,99 % - Líder)
Moinhos de Vento Energia S.A. (0,01 %) ",3332380.0925925924
EOL,EOL Umburanas 7,A-5,Leilão 10/2013,24.3,11.7,"11,3",119.75,BA,Vento,PIE,28763780.0,"Consórcio Renova Moinhos de Vento:
Renova Energia S.A. (99,99 % - Líder)
Moinhos de Vento Energia S.A. (0,01 %) ",1183694.6502057612
EOL,EOL Umburanas 8,A-5,Leilão 10/2013,24.3,12.8,"12,5",117.77,BA,Vento,PIE,28168660.0,"Consórcio Renova Moinhos de Vento:
Renova Energia S.A. (99,99 % - Líder)
Moinhos de Vento Energia S.A. (0,01 %) ",1159204.1152263375
EOL,EOL Umburanas 9,A-5,Leilão 10/2013,18.0,8.8,"8,6",119.75,BA,Vento,PIE,72059450.0,"Consórcio Renova Moinhos de Vento:
Renova Energia S.A. (99,99 % - Líder)
Moinhos de Vento Energia S.A. (0,01 %) ",4003302.777777778
EOL,EOL Aventura I,A-5,Leilão 10/2013,26.0,10.5,"10,5",108.9,RN,Vento,PIE,101825950.0,EDP Renováveis Brasil S.A.,3916382.6923076925
EOL,EOL Cabeço Vermelho,A-5,Leilão 10/2013,30.0,15.0,"13,6",119.72,RN,Vento,PIE,117913000.0,"Consórcio Gestamp Eólica:
Gestamp Eólica Brasil S.A. (0,0001 % - Líder)
Gestamp Eólica S.L. (99,9999 %)",3930433.3333333335
EOL,EOL Cabeço Vermelho II,A-5,Leilão 10/2013,20.0,9.0,9,120.72,RN,Vento,PIE,78234000.0,"Consórcio Gestamp Eólica:  
Gestamp Eólica Brasil S.A. (0,0001 % - Líder)
Gestamp Eólica S.L. (99,9999 %)",3911700.0
EOL,EOL Tamanduá Mirim 2,A-5,Leilão 10/2013,24.0,8.0,"7,2",119.7,BA,Vento,PIE,45898450.0,"Consórcio Expansão Guirapá: 
Sequoia Capital Ltda. (51 % - Líder)
Companhia Hidro Elétrica do São Francisco – CHESF (49 %)",1912435.4166666667
EOL,EOL Catanduba I,A-5,Leilão 10/2013,30.0,13.3,"13,3",121.8,RN,Vento,PIE,78865710.0,Nesa - Novas Energias Ltda.,2628857.0
EOL,EOL Catanduba II,A-5,Leilão 10/2013,30.0,12.1,"12,1",121.8,RN,Vento,PIE,78874000.0,Nesa - Novas Energias Ltda.,2629133.3333333335
EOL,EOL Porto do Delta,A-5,Leilão 10/2013,30.0,12.7,"12,7",117.46,PI,Vento,PIE,106417070.0,Eólica Porto das Barcas S.A.,3547235.6666666665
EOL,EOL Testa Branca I,A-5,Leilão 10/2013,30.0,14.8,11,117.5,PI,Vento,PIE,106417070.0,"Consórcio Testa Branca: 
Zeta Energia S.A. (0,01 % - Líder)
Potami Energia S.A. (99,99 %)",3547235.6666666665
EOL,EOL Santa Rosa,A-5,Leilão 10/2013,20.0,8.4,"7,4",121.1,CE,Vento,PIE,76682000.0,"Consórcio Santa Rosa:
Furnas Centrais Elétricas S.A. (90 % - Líder)
Eólica Tecnologia Ltda. (7 %)
Ventos Tecnologia Elétrica Ltda. (2,99 %)
Central Eólica Santa Rosa Ltda. (0,01 %)",3834100.0
EOL,EOL Uirapuru,A-5,Leilão 10/2013,28.0,12.6,"11,2",121.1,CE,Vento,PIE,104204000.0,"Consórcio Uirapuru:
Furnas Centrais Elétricas S.A. (90 % - Líder)
Eólica Tecnologia Ltda. (7 %)
Ventos Tecnologia Elétrica Ltda. (2,99 %)
Central Eólica Uirapuru Ltda. (0,01 %)",3721571.4285714286
EOL,EOL Ventos de Angelim,A-5,Leilão 10/2013,24.0,10.3,"9,1",121.1,CE,Vento,PIE,88727000.0,"Consórcio Ventos do Angelim: 
Furnas Centrais Elétricas S.A. (90 % - Líder)
Eólica Tecnologia Ltda. (7 %)
Ventos Tecnologia Elétrica Ltda. (2,99 %)
Central Eólica Angelim Ltda. (0,01 %)",3696958.3333333335
EOL,EOL Ventos de Santo Augusto I,A-5,Leilão 10/2013,16.0,8.2,"8,2",120.47,PI,Vento,PIE,54890000.0,"Consórcio Casa dos Ventos / Santo Augusto:
Ventos de Santo Augusto Energias Renováveis S.A. (0,1 % - Líder)
Salus - Fundo de Investimento em Participações (99,9 %)",3430625.0
EOL,EOL Ventos de Santo Augusto II,A-5,Leilão 10/2013,30.0,15.7,"13,3",120.48,PI,Vento,PIE,102940000.0,"Consórcio Casa dos Ventos / Santo Augusto:
Ventos de Santo Augusto Energias Renováveis S.A. (0,1 % - Líder)
Salus - Fundo de Investimento em Participações (99,9 %)",3431333.3333333335
EOL,EOL Ventos de Santo Augusto VI,A-5,Leilão 10/2013,30.0,16.4,"14,9",120.47,PI,Vento,PIE,102940000.0,"Consórcio Casa dos Ventos / Santo Augusto:
Ventos de Santo Augusto Energias Renováveis S.A. (0,1 % - Líder)
Salus - Fundo de Investimento em Participações (99,9 %)",3431333.3333333335
EOL,EOL Ventos de Santo Augusto VII,A-5,Leilão 10/2013,16.0,8.4,"8,2",120.48,PI,Vento,PIE,54890000.0,"Consórcio Casa dos Ventos / Santo Augusto:
Ventos de Santo Augusto Energias Renováveis S.A. (0,1 % - Líder)
Salus - Fundo de Investimento em Participações (99,9 %)",3430625.0
EOL,EOL Ventos de Santo Augusto VIII,A-5,Leilão 10/2013,16.0,8.8,"8,8",120.47,PI,Vento,PIE,54890000.0,"Consórcio Casa dos Ventos / Santo Augusto:
Ventos de Santo Augusto Energias Renováveis S.A. (0,1 % - Líder)
Salus - Fundo de Investimento em Participações (99,9 %)",3430625.0
EOL,EOL Ventos de Santo Estevão I,A-5,Leilão 10/2013,30.0,16.5,"11,6",120.48,PE,Vento,PIE,102940000.0,"Consórcio Casa dos Ventos / Santo Estevão:
Ventos de Santo Estevão Energias Renováveis S.A. (0,1 % - Líder)
Salus - Fundo de Investimento em Participações (99,9 %)",3431333.3333333335
EOL,EOL Ventos de Santo Estevão II,A-5,Leilão 10/2013,30.0,15.4,"11,4",121.49,PE,Vento,PIE,102940000.0,"Consórcio Casa dos Ventos / Santo Estevão:
Ventos de Santo Estevão Energias Renováveis S.A. (0,1 % - Líder)
Salus - Fundo de Investimento em Participações (99,9 %)",3431333.3333333335
EOL,EOL Ventos de Santo Estevão III,A-5,Leilão 10/2013,30.0,15.6,"12,6",120.48,PE,Vento,PIE,102940000.0,"Consórcio Casa dos Ventos / Santo Estevão:
Ventos de Santo Estevão Energias Renováveis S.A. (0,1 % - Líder)
Salus - Fundo de Investimento em Participações (99,9 %)",3431333.3333333335
EOL,EOL Ventos de Santo Estevão V,A-5,Leilão 10/2013,30.0,14.8,"13,5",120.47,PE,Vento,PIE,102940000.0,"Consórcio Casa dos Ventos / Santo Estevão:
Ventos de Santo Estevão Energias Renováveis S.A. (0,1 % - Líder)
Salus - Fundo de Investimento em Participações (99,9 %)",3431333.3333333335
EOL,EOL Serra do Mel I,A-5,Leilão 10/2013,28.0,13.0,"12,6",121.09,RN,Vento,PIE,110187000.0,"Consórcio Serra do Mel:
Furnas Centrais Elétricas S.A. (90 % - Líder)
Eólica Tecnologia Ltda. (9,99 %)
Gestamp Eólica Brasil S.A. (0,01 %)",3935250.0
EOL,EOL Serra do Mel II,A-5,Leilão 10/2013,28.0,12.8,"12,5",121.09,RN,Vento,PIE,110187000.0,"Consórcio Serra do Mel:
Furnas Centrais Elétricas S.A. (90 % - Líder)
Eólica Tecnologia Ltda. (9,99 %)
Gestamp Eólica Brasil S.A. (0,01 %)",3935250.0
EOL,EOL Serra do Mel III,A-5,Leilão 10/2013,28.0,12.5,"12,2",121.09,RN,Vento,PIE,110187000.0,"Consórcio Serra do Mel:
Furnas Centrais Elétricas S.A. (90 % - Líder)
Eólica Tecnologia Ltda. (9,99 %)
Gestamp Eólica Brasil S.A. (0,01 %)",3935250.0
EOL,EOL União dos Ventos 15,A-5,Leilão 10/2013,30.0,13.4,"9,4",115.0,RN,Vento,PIE,135914530.0,SM Geração de Energia Eólica Ltda.,4530484.333333333
EOL,EOL União dos Ventos 16,A-5,Leilão 10/2013,30.0,12.7,"8,9",115.0,RN,Vento,PIE,135847630.0,SM Geração de Energia Eólica Ltda.,4528254.333333333
EOL,EOL Ventos da Bahia II,A-5,Leilão 10/2013,30.0,13.1,"12,7",117.74,BA,Vento,PIE,114046540.0,"Consórcio Ventos da Bahia: 
Parque Eólico Ventos da Bahia Ltda. (0,01 % - Líder)
SOWITEC Operation GmbH (51 %)
SOWITEC Projekt GmbH (48,99 %)",3801551.3333333335
EOL,EOL Ventos da Bahia IV,A-5,Leilão 10/2013,12.0,5.5,"5,3",117.74,BA,Vento,PIE,44875150.0,"Consórcio Ventos da Bahia: 
Parque Eólico Ventos da Bahia Ltda. (0,01 % - Líder)
SOWITEC Operation GmbH (51 %)
SOWITEC Projekt GmbH (48,99 %)",3739595.8333333335
EOL,EOL Ventos da Bahia VIII,A-5,Leilão 10/2013,30.0,13.3,"12,9",117.74,BA,Vento,PIE,114046540.0,"Consórcio Ventos da Bahia: 
Parque Eólico Ventos da Bahia Ltda. (0,01 % - Líder)
SOWITEC Operation GmbH (51 %)
SOWITEC Projekt GmbH (48,99 %)",3801551.3333333335
EOL,EOL União dos Ventos 12,A-5,Leilão 10/2013,27.2,14.2,"9,9",115.0,RN,Vento,PIE,123316000.0,Ventos Fortes Geradora Eólica S.A.,4533676.470588235
EOL,EOL União dos Ventos 13,A-5,Leilão 10/2013,20.4,10.7,"7,5",115.0,RN,Vento,PIE,82212000.0,Ventos Fortes Geradora Eólica S.A.,4030000.0000000005
EOL,EOL União dos Ventos 14,A-5,Leilão 10/2013,22.1,11.9,"8,3",115.0,RN,Vento,PIE,123316000.0,Ventos Fortes Geradora Eólica S.A.,5579909.502262443
EOL,EOL Vila Amazonas V,A-5,Leilão 10/2013,30.0,14.8,"10,5",120.36,RN,Vento,PIE,90882430.0,"Consórcio Voltalia:  
Voltalia Energia do Brasil Ltda. (5 % - Líder)
Voltalia S.A. (95 %)",3029414.3333333335
EOL,EOL Vila Pará I,A-5,Leilão 10/2013,30.0,14.2,"11,8",119.13,RN,Vento,PIE,90882430.0,"Consórcio Voltalia:  
Voltalia Energia do Brasil Ltda. (5 % - Líder)
Voltalia S.A. (95 %)",3029414.3333333335
EOL,EOL Vila Pará II,A-5,Leilão 10/2013,30.0,14.0,"10,6",120.38,RN,Vento,PIE,90882430.0,"Consórcio Voltalia:  
Voltalia Energia do Brasil Ltda. (5 % - Líder)
Voltalia S.A. (95 %)",3029414.3333333335
EOL,EOL Vila Pará III,A-5,Leilão 10/2013,30.0,13.9,"10,5",120.37,RN,Vento,PIE,90882430.0,"Consórcio Voltalia:  
Voltalia Energia do Brasil Ltda. (5 % - Líder)
Voltalia S.A. (95 %)",3029414.3333333335
UHE,UHE Santo Antonio,A-3,Leilão 3/2014,417.6,206.2,"129,6",121.0,RO,Rio Jari,PIE,81290000.0,Santo Antonio Energia S/A,194659.96168582374
EOL,EOL Aura Mangueira VII,A-3,Leilão 3/2014,22.0,9.6,"9,6",129.5,RS,Vento,PIE,96070000.0,Atlantic Energias Renováveis S.A.,4366818.181818182
EOL,EOL Aura Mirim II,A-3,Leilão 3/2014,26.0,10.8,"10,8",129.5,RS,Vento,PIE,103951200.0,Atlantic Energias Renováveis S.A.,3998123.076923077
EOL,EOL Ouro Branco 1,A-3,Leilão 3/2014,30.0,13.9,"13,9",129.8,PE,Vento,PIE,103951200.0,"Consórcio Ouro Branco:
Eólica Energia Ltda. (0,01%)
Eólica Tecnologia Ltda. (99,99% - Líder)",3465040.0
EOL,EOL Ouro Branco 2,A-3,Leilão 3/2014,30.0,14.7,"14,7",129.8,PE,Vento,PIE,78422880.0,"Consórcio Ouro Branco:
Eólica Energia Ltda. (0,01%)
Eólica Tecnologia Ltda. (99,99% - Líder)",2614096.0
EOL,EOL Quatro Ventos,A-3,Leilão 3/2014,22.0,9.4,"9,4",129.8,PE,Vento,PIE,197439950.0,"Consórcio Quatro Ventos: 
Eólica Energia Ltda. (0,01%)
Eólica Tecnologia Ltda. (99,99% - Líder)",8974543.181818182
EOL,EOL Santana I,A-3,Leilão 3/2014,30.0,17.2,"17,2",128.98,RN,Vento,PIE,164194500.0,"Consórcio Santana I:
Horizonte Energias Renováveis Ltda. (1%)
Força Eólica do Brasil S.A. (99% - Líder)",5473150.0
EOL,EOL Santana II,A-3,Leilão 3/2014,24.0,12.9,"12,9",128.98,RN,Vento,PIE,191309720.0,"Consórcio Santana II:
Horizonte Energias Renováveis Ltda. (1%)
Força Eólica do Brasil S.A. (99% - Líder)",7971238.333333333
EOL,EOL Calango 6,A-3,Leilão 3/2014,30.0,18.5,"18,5",128.98,RN,Vento,PIE,66351000.0,Força Eólica do Brasil S.A.,2211700.0
EOL,EOL Itarema IV,A-3,Leilão 3/2014,21.0,11.1,"9,4",130.99,CE,Vento,PIE,95446000.0,Itarema Geração de Energia Ltda.,4545047.619047619
EOL,EOL Itarema IX,A-3,Leilão 3/2014,30.0,15.3,"12,3",131.89,CE,Vento,PIE,79136000.0,Itarema Geração de Energia Ltda.,2637866.6666666665
EOL,EOL Itarema VI,A-3,Leilão 3/2014,24.0,12.2,"10,7",130.97,CE,Vento,PIE,69242000.0,Itarema Geração de Energia Ltda.,2885083.3333333335
EOL,EOL Itarema VII,A-3,Leilão 3/2014,21.0,10.9,"9,3",130.98,CE,Vento,PIE,69242000.0,Itarema Geração de Energia Ltda.,3297238.095238095
EOL,EOL Itarema VIII,A-3,Leilão 3/2014,21.0,10.2,"9,1",131.0,CE,Vento,PIE,102940000.0,Itarema Geração de Energia Ltda.,4901904.761904762
EOL,EOL Ventos de São Clemente 1,A-3,Leilão 3/2014,30.0,15.3,"15,3",129.97,PE,Vento,PIE,102940000.0,"Consórcio Ventos de São Clemente 1:
Ventos de São Clemente Energias Renováveis S.A. (0,1% - Líder)
Salus - Fundo de Investimento em Participações (50,9%)
Companhia Hidro Elétrica do São Francisco (49%)",3431333.3333333335
EOL,EOL Ventos de São Clemente 2,A-3,Leilão 3/2014,30.0,14.2,"14,2",129.98,PE,Vento,PIE,102940000.0,"Consórcio Ventos de São Clemente 2:
Ventos de São Clemente Energias Renováveis S.A. (0,1% - Líder)
Salus - Fundo de Investimento em Participações (50,9%)
Companhia Hidro Elétrica do São Francisco (49%)",3431333.3333333335
EOL,EOL Ventos de São Clemente 3,A-3,Leilão 3/2014,30.0,14.5,"14,5",129.97,PE,Vento,PIE,102940000.0,"Consórcio Ventos de São Clemente 3:
Ventos de São Clemente Energias Renováveis S.A. (0,1% - Líder)
Salus - Fundo de Investimento em Participações (50,9%)
Companhia Hidro Elétrica do São Francisco (49%)",3431333.3333333335
EOL,EOL Ventos de São Clemente 4,A-3,Leilão 3/2014,30.0,14.6,"14,6",129.97,PE,Vento,PIE,102940000.0,"Consórcio Ventos de São Clemente 4:
Ventos de São Clemente Energias Renováveis S.A. (0,1% - Líder)
Salus - Fundo de Investimento em Participações (50,9%)
Companhia Hidro Elétrica do São Francisco (49%)",3431333.3333333335
EOL,EOL Ventos de São Clemente 5,A-3,Leilão 3/2014,30.0,15.7,"15,7",129.97,PE,Vento,PIE,102940000.0,"Consórcio Ventos de São Clemente 5
Ventos de São Clemente Energias Renováveis S.A. (0,1% - Líder)
Salus - Fundo de Investimento em Participações (50,9%)
Companhia Hidro Elétrica do São Francisco (49%)",3431333.3333333335
EOL,EOL Ventos de São Clemente 6,A-3,Leilão 3/2014,26.0,13.3,"13,3",129.97,PE,Vento,PIE,89219000.0,"Consórcio Ventos de São Clemente 6:
Ventos de São Clemente Energias Renováveis S.A. (0,1% - Líder)
Salus - Fundo de Investimento em Participações (50,9%)
Companhia Hidro Elétrica do São Francisco (49%)",3431500.0
EOL,EOL Ventos de São Clemente 7,A-3,Leilão 3/2014,24.0,10.7,"10,7",129.98,PE,Vento,PIE,82357000.0,"Consórcio Ventos de São Clemente 7:
Ventos de São Clemente Energias Renováveis S.A. (0,1% - Líder)
Salus - Fundo de Investimento em Participações (50,9%)
Companhia Hidro Elétrica do São Francisco (49%)",3431541.6666666665
EOL,EOL Ventos de São Clemente 8,A-3,Leilão 3/2014,20.0,9.5,"9,5",129.98,PE,Vento,PIE,68635000.0,"Consórcio Ventos de São Clemente 8:
Ventos de São Clemente Energias Renováveis S.A. (0,1% - Líder)
Salus - Fundo de Investimento em Participações (50,9%)
Companhia Hidro Elétrica do São Francisco (49%)",3431750.0
PCH,PCH Comodoro,A-5,Leilão 6/2014,10.0,6.2,62,162.5,MT,Rio Juína,PIE,72260350.0,Comodoro Energética S.A.,7226035.0
PCH,PCH Lajari,A-5,Leilão 6/2014,20.88,10.9,90,160.9,MT,Rio Taquari,PIE,110737540.0,Lajari Energética S.A.,5303522.030651341
PCH,PCH Presente de Deus,A-5,Leilão 6/2014,13.0,8.5,85,162.5,MT,Rio Juína,PIE,83930210.0,Presente de Deus Energética S.A.,6456170.0
UTE,UTE Mauá 3,A-5,Leilão 6/2014,583.0,507.2,4844,203.5,AM,Gás Natural,PIE,1231542350.0,Amazonas Geração e Transmissão de Energia S.A.,2112422.5557461404
UTE,UTE CNE,A-5,Leilão 6/2014,105.0,59.8,430,205.23,GO,Bagaço de Cana,PIE,231600100.0,Centro Norte Energia Sociedade Anônima,2205715.238095238
UTE,UTE Delta ,A-5,Leilão 6/2014,30.0,6.4,64,197.0,MG,Bagaço de Cana,PIE,30000000.0,Usina Delta S.A.,1000000.0
UTE,UTE Guarani Cruz Alta,A-5,Leilão 6/2014,25.0,11.4,80,198.5,SP,Bagaço de Cana,PIE,62147000.0,Guarani S.A.,2485880.0
UTE,UTE  Novo Tempo,A-5,Leilão 6/2014,1.238,611.9,6.109,206.5,PE,Gás Natural,PIE,3052175380.0,"Consórcio UTE Novo Tempo:
UTE Novo Tempo - Gás e Geração de Energia S.A. – Líder 25%
Bolognesi Empreendimentos LTDA. 75%",2465408222.940226
UTE,UTE Iacanga Ampliação,A-5,Leilão 6/2014,18.0,5.6,40,201.9,SP,Bagaço de Cana,PIE,10600000.0,Usina Iacanga de Açúcar e Álcool S.A.,588888.8888888889
UTE,UTE Porto das Águas,A-5,Leilão 6/2014,90.0,26.1,185,199.93,GO,Bagaço de Cana,PIE,45000000.0,Cerradinho Bioenergia S.A.,500000.0
UTE,UTE Ferrari ,A-5,Leilão 6/2014,15.0,12.4,98,202.0,SP,Bagaço de Cana,PIE,90080000.0,Ferrari Termoelétrica S.A.,6005333.333333333
UTE,UTE Rio Grande,A-5,Leilão 6/2014,1.238,605.2,6.042,206.5,RS,Gás Natural,PIE,2945078370.0,"Consórcio UTE Rio Grande:
UTE Rio Grande Geração de Energia Elétrica S.A. – Líder 5%
Serra Verde Energética S.A. 95%",2378900137.3182554
UTE,UTE Pampa Sul ,A-5,Leilão 6/2014,340.0,323.5,2.945,201.98,RS,Carvão Mineral Nacional,PIE,2058506160.0,Usina Termelétrica Pampa Sul S.A.,6054429.882352941
UTE,UTE Acre,A-5,Leilão 6/2014,163.999,135.1,1.100,206.9,AC,Cavaco de Madeira,PIE,860940000.0,YSER Participações Energia S.A.,5249666.156500954
UTE,UTE Costa Rica I,A-5,Leilão 6/2014,163.999,135.1,1.100,207.32,MS,Cavaco de Madeira,PIE,860940000.0,YSER Timberland Investment Energy Ltda.,5249666.156500954
EOL,EOL Aura Lagoa do Barro 01,A-5,Leilão 6/2014,27.0,14.2,142,135.5,PI,Vento,PIE,99765000.0,Atlantic Energias Renováveis S.A.,3695000.0
EOL,EOL Aura Lagoa do Barro 02,A-5,Leilão 6/2014,27.0,11.3,113,135.5,PI,Vento,PIE,99765000.0,Atlantic Energias Renováveis S.A.,3695000.0
EOL,EOL Aura Lagoa do Barro 03,A-5,Leilão 6/2014,27.0,13.5,135,135.5,PI,Vento,PIE,99765000.0,Atlantic Energias Renováveis S.A.,3695000.0
EOL,EOL Aura Lagoa do Barro 04,A-5,Leilão 6/2014,27.0,12.9,129,135.5,PI,Vento,PIE,99765000.0,Atlantic Energias Renováveis S.A.,3695000.0
EOL,EOL Aura Lagoa do Barro 05,A-5,Leilão 6/2014,24.0,10.3,103,135.5,PI,Vento,PIE,88680000.0,Atlantic Energias Renováveis S.A.,3695000.0
EOL,EOL Aura Lagoa do Barro 06,A-5,Leilão 6/2014,27.0,11.9,119,135.5,PI,Vento,PIE,99765000.0,Atlantic Energias Renováveis S.A.,3695000.0
EOL,EOL Aura Lagoa do Barro 07,A-5,Leilão 6/2014,27.0,13.8,138,135.5,PI,Vento,PIE,99765000.0,Atlantic Energias Renováveis S.A.,3695000.0
EOL,EOL Aura Queimada Nova 03,A-5,Leilão 6/2014,9.0,4.5,45,135.5,PI,Vento,PIE,33255000.0,Atlantic Energias Renováveis S.A.,3695000.0
EOL,EOL Laranjeiras III,A-5,Leilão 6/2014,26.0,11.5,115,136.5,BA,Vento,PIE,97447900.0,Centrais Eólicas Assuruá S.A.,3747996.153846154
EOL,EOL Laranjeiras IX,A-5,Leilão 6/2014,24.0,9.4,94,136.5,BA,Vento,PIE,89950760.0,Centrais Eólicas Assuruá S.A.,3747948.3333333335
EOL,EOL Campo Largo III,A-5,Leilão 6/2014,29.37,13.8,138,135.49,BA,Vento,PIE,112800000.0,CLWP Eólica Parque III Ltda.,3840653.7282941774
EOL,EOL Campo Largo IV,A-5,Leilão 6/2014,29.37,13.4,134,135.48,BA,Vento,PIE,112800000.0,CLWP Eólica Parque IV Ltda.,3840653.7282941774
EOL,EOL Campo Largo V,A-5,Leilão 6/2014,29.37,13.8,138,135.47,BA,Vento,PIE,112800000.0,CLWP Eólica Parque V Ltda.,3840653.7282941774
EOL,EOL Campo Largo VI,A-5,Leilão 6/2014,29.37,14.1,141,135.46,BA,Vento,PIE,112800000.0,CLWP Eólica Parque VI Ltda.,3840653.7282941774
EOL,EOL Campo Largo VII,A-5,Leilão 6/2014,29.37,14.1,141,135.45,BA,Vento,PIE,112800000.0,CLWP Eólica Parque VII Ltda.,3840653.7282941774
EOL,EOL Campo Largo XXI,A-5,Leilão 6/2014,29.7,13.4,134,135.44,BA,Vento,PIE,124697410.0,CLWP Eólica Parque XXI Ltda.,4198565.993265993
EOL,EOL Umburanas 17,A-5,Leilão 6/2014,24.0,11.7,114,136.42,BA,Vento,PIE,93595250.0,"Consórcio Renova Moinhos de Vento 2:
Moinhos de Vento Energia S.A. 0,01%
Renova Energia S.A. – Líder 99,99%",3899802.0833333335
EOL,EOL Umburanas 19,A-5,Leilão 6/2014,26.0,12.1,118,136.42,BA,Vento,PIE,98904610.0,"Consórcio Renova Moinhos de Vento 2:
Moinhos de Vento Energia S.A. 0,01%
Renova Energia S.A. – Líder 99,99%",3804023.4615384615
EOL,EOL Umburanas 21,A-5,Leilão 6/2014,24.0,10.6,103,136.42,BA,Vento,PIE,85490390.0,"Consórcio Renova Moinhos de Vento 2:
Moinhos de Vento Energia S.A. 0,01%
Renova Energia S.A. – Líder 99,99%",3562099.5833333335
EOL,EOL Umburanas 23,A-5,Leilão 6/2014,17.0,7.3,71,136.42,BA,Vento,PIE,66284850.0,"Consórcio Renova Moinhos de Vento 2:
Moinhos de Vento Energia S.A. 0,01%
Renova Energia S.A. – Líder 99,99%",3899108.8235294116
EOL,EOL Umburanas 25,A-5,Leilão 6/2014,17.0,7.7,75,136.42,BA,Vento,PIE,68385180.0,"Consórcio Renova Moinhos de Vento 2:
Moinhos de Vento Energia S.A. 0,01%
Renova Energia S.A. – Líder 99,99%",4022657.6470588236
EOL,EOL São Bento do Norte I,A-5,Leilão 6/2014,24.0,9.7,97,135.5,RN,Vento,PIE,99765000.0,"Consórcio São Miguel:
Rodrigo Pedroso Energia Ltda. 0,01%
Cutia Empreendimentos Eólicos SPE S.A. – Líder 99,99%",4156875.0
EOL,EOL São Bento do Norte II,A-5,Leilão 6/2014,24.0,10.0,100,135.5,RN,Vento,PIE,99765000.0,"Consórcio São Miguel:
Rodrigo Pedroso Energia Ltda. 0,01%
Cutia Empreendimentos Eólicos SPE S.A. – Líder 99,99%",4156875.0
EOL,EOL São Bento do Norte III,A-5,Leilão 6/2014,22.0,9.6,96,135.5,RN,Vento,PIE,99765000.0,"Consórcio São Miguel:
Rodrigo Pedroso Energia Ltda. 0,01%
Cutia Empreendimentos Eólicos SPE S.A. – Líder 99,99%",4534772.7272727275
EOL,EOL São Miguel I,A-5,Leilão 6/2014,22.0,8.7,87,136.97,RN,Vento,PIE,87477000.0,"Consórcio São Miguel:
Rodrigo Pedroso Energia Ltda. 0,01%
Cutia Empreendimentos Eólicos SPE S.A. – Líder 99,99%",3976227.272727273
EOL,EOL São Migue II,A-5,Leilão 6/2014,22.0,8.4,84,136.97,RN,Vento,PIE,87477000.0,"Consórcio São Miguel:
Rodrigo Pedroso Energia Ltda. 0,01%
Cutia Empreendimentos Eólicos SPE S.A. – Líder 99,99%",3976227.272727273
EOL,EOL São MigueIII,A-5,Leilão 6/2014,22.0,8.4,84,136.97,RN,Vento,PIE,87477000.0,"Consórcio São Miguel:
Rodrigo Pedroso Energia Ltda. 0,01%
Cutia Empreendimentos Eólicos SPE S.A. – Líder 99,99%",3976227.272727273
EOL,EOL Ventos da Santa Dulce,A-5,Leilão 6/2014,28.0,12.8,90,135.27,BA,Vento,PIE,100881200.0,"Consórcio EGP Casa dos Ventos I:
Casa dos Ventos Energias Renováveis S.A. – Líder 0,05%
Enel Brasil Participações Ltda. 99,90%
Salus - Fundo de Investimento em Participações 0,05%",3602900.0
EOL,EOL Ventos da Santa Esperança,A-5,Leilão 6/2014,28.0,13.1,92,135.26,BA,Vento,PIE,100881200.0,"Consórcio EGP Casa dos Ventos I:
Casa dos Ventos Energias Renováveis S.A. – Líder 0,05%
Enel Brasil Participações Ltda. 99,90%
Salus - Fundo de Investimento em Participações 0,05%",3602900.0
EOL,EOL Ventos do São Mario,A-5,Leilão 6/2014,28.0,13.9,98,137.0,BA,Vento,PIE,100881200.0,"Consórcio EGP Casa dos Ventos I:
Casa dos Ventos Energias Renováveis S.A. – Líder 0,05%
Enel Brasil Participações Ltda. 99,90%
Salus - Fundo de Investimento em Participações 0,05%",3602900.0
EOL,EOL Ventos do São Paulo,A-5,Leilão 6/2014,28.0,13.8,97,135.25,BA,Vento,PIE,100881200.0,"Consórcio EGP Casa dos Ventos I:
Casa dos Ventos Energias Renováveis S.A. – Líder 0,05%
Enel Brasil Participações Ltda. 99,90%
Salus - Fundo de Investimento em Participações 0,05%",3602900.0
EOL,EOL Canoas,A-5,Leilão 6/2014,30.0,17.1,161,136.24,PB,Vento,PIE,98192290.0,Força Eólica do Brasil S.A.,3273076.3333333335
EOL,EOL Lagoa 1,A-5,Leilão 6/2014,30.0,18.6,172,136.24,PB,Vento,PIE,98192290.0,Força Eólica do Brasil S.A.,3273076.3333333335
EOL,EOL Lagoa 2,A-5,Leilão 6/2014,30.0,16.4,155,136.24,PB,Vento,PIE,98192290.0,Força Eólica do Brasil S.A.,3273076.3333333335
EOL,EOL Boa Esperança I,A-5,Leilão 6/2014,28.0,14.4,144,135.48,RN,Vento,PIE,116217000.0,"Consórcio Gestamp Eólica:
Gestamp Eólica Brasil S.A. – Líder 0,0001%
Gestamp Eólica S.L.  99,9999%",4150607.1428571427
EOL,EOL Ventos de São Virgilo 02,A-5,Leilão 6/2014,30.0,15.4,154,136.99,PI,Vento,PIE,108087000.0,"Consórcio Ventos de São Virgilio Energias Renováveis S.A.:
Ventos de São Virgílio Energias Renováveis S.A. – Líder 0,1%
Salus-Fundo de Investimentos em Participações 99,9%",3602900.0
UFV,UFV Coremas I,LER,Leilão 8/2014,30.0,6.9,67,219.78,PB,Sol,PIE,125372000.0,SPE CESP Coremas I Ltda,4179066.6666666665
UFV,UFV Dracena 1,LER,Leilão 8/2014,30.0,5.9,59,217.75,SP,Sol,PIE,128320000.0,"Consórcio Dracenas:
Solatio Gestao de Projetos Solares Ltda. (0,01%)
Lintran do Brasil Participações S.A. (99,99% - Líder)",4277333.333333333
UFV,UFV Dracena 2,LER,Leilão 8/2014,30.0,5.9,59,217.75,SP,Sol,PIE,128320000.0,"Consórcio Dracenas:
Solatio Gestao de Projetos Solares Ltda. (0,01%)
Lintran do Brasil Participações S.A. (99,99% - Líder)",4277333.333333333
UFV,UFV Dracena 3,LER,Leilão 8/2014,30.0,5.9,59,217.75,SP,Sol,PIE,128265000.0,"Consórcio Dracenas:
Solatio Gestao de Projetos Solares Ltda. (0,01%)
Lintran do Brasil Participações S.A. (99,99% - Líder)",4275500.0
UFV,UFV Dracena 4,LER,Leilão 8/2014,30.0,5.9,59,217.75,SP,Sol,PIE,128320000.0,"Consórcio Dracenas:
Solatio Gestao de Projetos Solares Ltda. (0,01%)
Lintran do Brasil Participações S.A. (99,99% - Líder)",4277333.333333333
UFV,UFV Ituverava 1,LER,Leilão 8/2014,30.0,8.4,84,214.83,BA,Sol,PIE,156636000.0,"Consórcio EGP-Bondia:
Bondia Energia Ltda. (0,01%)
Enel Brasil Participações Ltda.(99,99% - Líder)",5221200.0
UFV,UFV Ituverava 2,LER,Leilão 8/2014,30.0,8.4,84,214.84,BA,Sol,PIE,156636000.0,"Consórcio EGP-Bondia:
Bondia Energia Ltda. (0,01%)
Enel Brasil Participações Ltda.(99,99% - Líder)",5221200.0
UFV,UFV Ituverava 3,LER,Leilão 8/2014,30.0,8.4,84,214.85,BA,Sol,PIE,156636000.0,"Consórcio EGP-Bondia:
Bondia Energia Ltda. (0,01%)
Enel Brasil Participações Ltda.(99,99% - Líder)",5221200.0
UFV,UFV Ituverava 4,LER,Leilão 8/2014,30.0,8.4,84,214.86,BA,Sol,PIE,156636000.0,"Consórcio EGP-Bondia:
Bondia Energia Ltda. (0,01%)
Enel Brasil Participações Ltda.(99,99% - Líder)",5221200.0
UFV,UFV Ituverava 5,LER,Leilão 8/2014,30.0,8.4,84,214.87,BA,Sol,PIE,156636000.0,"Consórcio EGP-Bondia:
Bondia Energia Ltda. (0,01%)
Enel Brasil Participações Ltda.(99,99% - Líder)",5221200.0
UFV,UFV Ituverava 6,LER,Leilão 8/2014,30.0,8.4,84,214.88,BA,Sol,PIE,156636000.0,"Consórcio EGP-Bondia:
Bondia Energia Ltda. (0,01%)
Enel Brasil Participações Ltda.(99,99% - Líder)",5221200.0
UFV,UFV Ituverava 7,LER,Leilão 8/2014,30.0,8.4,84,214.89,BA,Sol,PIE,156636000.0,"Consórcio EGP-Bondia:
Bondia Energia Ltda. (0,01%)
Enel Brasil Participações Ltda.(99,99% - Líder)",5221200.0
UFV,UFV FCR III Itapuranga,LER,Leilão 8/2014,10.0,1.8,18,220.0,GO,Sol,PIE,52910000.0,FCR VII Usina de Energia Fotovoltaica Ltda.,5291000.0
UFV,UFV FRV Banabuiú,LER,Leilão 8/2014,30.0,7.3,73,200.84,CE,Sol,PIE,140050000.0,Fotowatio do Brasil Projetos de Energia Renováveis III Ltda.,4668333.333333333
UFV,UFV FRV Massapê,LER,Leilão 8/2014,30.0,7.1,71,200.82,CE,Sol,PIE,139490000.0,Fotowatio do Brasil Projetos de Energia Renováveis Ltda.,4649666.666666667
UFV,UFV Guaimbe 1,LER,Leilão 8/2014,30.0,5.9,59,215.95,SP,Sol,PIE,127818000.0,"Consórcio Guaimbé:
Solatio Gestao de Projetos Solares LTDA.. (0,01%)
Lintran do Brasil Participações S.A. (99,99% - Líder)",4260600.0
UFV,UFV Guaimbe 2,LER,Leilão 8/2014,30.0,5.9,59,215.95,SP,Sol,PIE,127818000.0,"Consórcio Guaimbé:
Solatio Gestao de Projetos Solares LTDA.. (0,01%)
Lintran do Brasil Participações S.A. (99,99% - Líder)",4260600.0
UFV,UFV Guaimbe 3,LER,Leilão 8/2014,30.0,5.9,59,220.8,SP,Sol,PIE,127818000.0,"Consórcio Guaimbé:
Solatio Gestao de Projetos Solares LTDA.. (0,01%)
Lintran do Brasil Participações S.A. (99,99% - Líder)",4260600.0
UFV,UFV Guaimbe 4,LER,Leilão 8/2014,30.0,5.9,59,220.8,SP,Sol,PIE,127533000.0,"Consórcio Guaimbé:
Solatio Gestao de Projetos Solares LTDA.. (0,01%)
Lintran do Brasil Participações S.A. (99,99% - Líder)",4251100.0
UFV,UFV Guaimbe 5,LER,Leilão 8/2014,30.0,5.9,59,220.8,SP,Sol,PIE,127206000.0,"Consórcio Guaimbé:
Solatio Gestao de Projetos Solares LTDA.. (0,01%)
Lintran do Brasil Participações S.A. (99,99% - Líder)",4240200.0
UFV,UFV Inharé I,LER,Leilão 8/2014,30.0,7.7,77,218.7,RN,Sol,PIE,133279000.0,"Consórcio Inharé:
Inharé Projetos para Energia Solar Ltda. (0,01%)
Construtora A. Gaspar S/A (99,99% - Líder)",4442633.333333333
UFV,UFV Solar Caetité 1,LER,Leilão 8/2014,29.97,6.6,66,207.52,BA,Sol,PIE,140007000.0,Rio Energy EOL IV Geração e Comercialização de Energia Ltda.,4671571.571571572
UFV,UFV Solar Caetité 2,LER,Leilão 8/2014,29.97,6.6,66,207.52,BA,Sol,PIE,140007000.0,Rio Energy EOL IV Geração e Comercialização de Energia Ltda.,4671571.571571572
UFV,UFV Solar Caetité 3,LER,Leilão 8/2014,29.97,6.6,66,207.52,BA,Sol,PIE,140007000.0,Rio Energy EOL IV Geração e Comercialização de Energia Ltda.,4671571.571571572
UFV,UFV Caetité I,LER,Leilão 8/2014,29.75,6.5,65,220.3,BA,Sol,PIE,148950000.0,Renova Energia S.A.,5006722.68907563
UFV,UFV Caetité II,LER,Leilão 8/2014,29.75,6.5,65,220.3,BA,Sol,PIE,148950000.0,Renova Energia S.A.,5006722.68907563
UFV,UFV Caetité IV,LER,Leilão 8/2014,29.75,6.5,65,220.3,BA,Sol,PIE,148950000.0,Renova Energia S.A.,5006722.68907563
UFV,UFV Caetité V,LER,Leilão 8/2014,10.5,2.3,23,220.3,BA,Sol,PIE,53425000.0,Renova Energia S.A.,5088095.238095238
UFV,UFV Vazante 1,LER,Leilão 8/2014,30.0,6.0,60,216.12,MG,Sol,PIE,128320000.0,"Consórcio Vazante 1:
Sevilha Serviços Administrativos Ltda. (0,01%)
Canadian Solar Inc. (99,99% - Líder)",4277333.333333333
UFV,UFV Vazante 2,LER,Leilão 8/2014,30.0,6.0,60,216.12,MG,Sol,PIE,128320000.0,"Consórcio Vazante 2:
Salgueiro Serviços Administrativos Ltda. (0,01%)
Canadian Solar Inc. (99,99% - Líder)",4277333.333333333
UFV,UFV Vazante 3,LER,Leilão 8/2014,30.0,6.0,60,216.12,MG,Sol,PIE,128320000.0,"Consórcio Vazante 3:
Minas Serviços Administrativos Ltda. (0,01%)
Canadian Solar Inc. (99,99% - Líder)",4277333.333333333
EOL,EOL Assuruá III,LER,Leilão 8/2014,12.0,5.9,59,142.9,BA,Vento,PIE,44974870.0,Centrais Eólicas Assuruá S.A.,3747905.8333333335
EOL,EOL Assuruá IV,LER,Leilão 8/2014,30.0,13.1,131,142.9,BA,Vento,PIE,112439180.0,Centrais Eólicas Assuruá S.A.,3747972.6666666665
EOL,EOL Capoeiras III,LER,Leilão 8/2014,28.0,11.6,116,142.92,BA,Vento,PIE,104942040.0,Centrais Eólicas Assuruá S.A.,3747930.0
EOL,EOL Curral de Pedras I,LER,Leilão 8/2014,20.0,9.0,90,142.9,BA,Vento,PIE,74960450.0,Centrais Eólicas Assuruá S.A.,3748022.5
EOL,EOL Curral de Pedras II,LER,Leilão 8/2014,30.0,13.5,135,142.9,BA,Vento,PIE,112439180.0,Centrais Eólicas Assuruá S.A.,3747972.6666666665
EOL,EOL Diamante II,LER,Leilão 8/2014,18.0,7.7,77,142.91,BA,Vento,PIE,67464320.0,Centrais Eólicas Assuruá S.A.,3748017.777777778
EOL,EOL Diamante III,LER,Leilão 8/2014,18.0,7.9,79,142.9,BA,Vento,PIE,67464320.0,Centrais Eólicas Assuruá S.A.,3748017.777777778
EOL,EOL Laranjeiras I,LER,Leilão 8/2014,28.0,11.7,117,142.92,BA,Vento,PIE,104942040.0,Centrais Eólicas Assuruá S.A.,3747930.0
EOL,EOL Laranjeiras II,LER,Leilão 8/2014,30.0,13.2,132,142.91,BA,Vento,PIE,112439180.0,Centrais Eólicas Assuruá S.A.,3747972.6666666665
EOL,EOL Laranjeiras V,LER,Leilão 8/2014,26.0,10.8,108,142.92,BA,Vento,PIE,97447900.0,Centrais Eólicas Assuruá S.A.,3747996.153846154
EOL,EOL Pedra Rajada,LER,Leilão 8/2014,20.0,11.0,110,140.88,RN,Vento,PIE,87277000.0,"Consórcio Gestamp Eólica:
Gestamp Eólica Brasil S/A (0,0001%)
Gestamp Eólica S.L. (99,999% - Líder)",4363850.0
EOL,EOL Pedra Rajada II,LER,Leilão 8/2014,20.0,10.1,101,140.88,RN,Vento,PIE,87277000.0,"Consórcio Gestamp Eólica:
Gestamp Eólica Brasil S/A (0,0001%)
Gestamp Eólica S.L. (99,999% - Líder)",4363850.0
EOL,EOL DREEN Cutia,LER,Leilão 8/2014,25.2,9.6,96,144.0,RN,Vento,PIE,97618170.0,Cutia Empreendimentos Eólicos SPE S.A.,3873736.904761905
EOL,EOL Dreen Guajiru,LER,Leilão 8/2014,21.6,8.3,83,144.0,RN,Vento,PIE,83815190.0,Cutia Empreendimentos Eólicos SPE S.A.,3880332.8703703703
EOL,EOL Esperança do Nordeste,LER,Leilão 8/2014,30.0,9.1,91,144.0,RN,Vento,PIE,116088070.0,Cutia Empreendimentos Eólicos SPE S.A.,3869602.3333333335
EOL,EOL GE Jangada,LER,Leilão 8/2014,30.0,10.3,103,144.0,RN,Vento,PIE,114867770.0,Cutia Empreendimentos Eólicos SPE S.A.,3828925.6666666665
EOL,EOL GE Maria Helena,LER,Leilão 8/2014,30.0,12.0,120,144.0,RN,Vento,PIE,114867770.0,Cutia Empreendimentos Eólicos SPE S.A.,3828925.6666666665
EOL,EOL Paraíso dos Ventos do Nordeste,LER,Leilão 8/2014,30.0,10.6,106,144.0,RN,Vento,PIE,115688070.0,Cutia Empreendimentos Eólicos SPE S.A.,3856269.0
EOL,EOL Potiguar,LER,Leilão 8/2014,28.8,11.5,113,144.0,RN,Vento,PIE,112070000.0,Cutia Empreendimentos Eólicos SPE S.A.,3891319.4444444445
EOL,EOL Delfina I,LER,Leilão 8/2014,30.0,13.6,136,138.89,BA,Vento,PIE,113154420.0,"Consórcio EGP-Sowitec-Delfina:
Parque Eólico Delfina Ltda. (0,1%)
Enel Brasil Participações Ltda. (99,90% - Líder)",3771814.0
EOL,EOL Delfina II,LER,Leilão 8/2014,30.0,13.6,136,138.87,BA,Vento,PIE,113154420.0,"Consórcio EGP-Sowitec-Delfina:
Parque Eólico Delfina Ltda. (0,1%)
Enel Brasil Participações Ltda. (99,90% - Líder)",3771814.0
EOL,EOL Delfina V,LER,Leilão 8/2014,30.0,13.6,136,138.88,BA,Vento,PIE,113154420.0,"Consórcio EGP-Sowitec-Delfina:
Parque Eólico Delfina Ltda. (0,1%)
Enel Brasil Participações Ltda. (99,90% - Líder)",3771814.0
EOL,EOL Serra das Vacas V,LER,Leilão 8/2014,26.0,11.6,116,143.77,PE,Vento,PIE,117130000.0,PEC Energia S.A.,4505000.0
EOL,EOL Serra das Vacas VII,LER,Leilão 8/2014,26.0,11.0,110,143.77,PE,Vento,PIE,117130000.0,PEC Energia S.A.,4505000.0
EOL,EOL Mulungu,LER,Leilão 8/2014,14.7,6.5,65,138.9,BA,Vento,PIE,59982900.0,Renova Energia S.A.,4080469.387755102
EOL,EOL Pau Santo,LER,Leilão 8/2014,18.0,9.2,92,138.9,BA,Vento,PIE,71516120.0,Renova Energia S.A.,3973117.777777778
EOL,EOL Quina,LER,Leilão 8/2014,10.8,5.2,52,138.9,BA,Vento,PIE,46317420.0,Renova Energia S.A.,4288650.0
EOL,EOL Ventos de Santo Estevão IV,LER,Leilão 8/2014,30.0,14.2,142,142.99,PE,Vento,PIE,108087000.0,"Consórcio Ventos de Santo Estevão IV:
Ventos de Santo Estevão Energias Renováveis S.A. (0,01%  - Líder)
Salus - Fundo de Investimentos em Participações (99,99%)",3602900.0
EOL,EOL Ventos de Santo Onofre IV,LER,Leilão 8/2014,30.0,13.6,136,142.99,PI,Vento,PIE,108090000.0,"Consórcio Ventos de Santo Onofre IV:
Ventos de São Virgílio Energias Renováveis S.A. (0,01%  - Líder)
Salus - Fundo de Investimentos em Participações (99,99%)",3603000.0
EOL,EOL Ventos de São Virgilio 01,LER,Leilão 8/2014,30.0,15.2,152,142.99,PI,Vento,PIE,108087000.0,"Consórcio Ventos de São Virgílio 01:
Ventos de São Virgílio Energias Renováveis S.A. (0,01% - Líder)
Salus - Fundo de Investimentos em Participações (99,99%)",3602900.0
EOL,EOL Ventos de São Virgilio 03,LER,Leilão 8/2014,18.0,9.2,92,142.99,PI,Vento,PIE,64852200.0,"Consórcio Ventos de São Virgílio 03:
Ventos de São Virgílio Energias Renováveis S.A. (0,01% - Líder)
Salus - Fundo de Investimentos em Participações (99,99%)",3602900.0
UTE,UTE Vale do Rosário,FA,Leilão 2/2015,69.7,34.4,52,213.9,SP,Bagaço de Cana,PIE,0.0,Biosev Bioenergia S.A.,0.0
UTE,UTE Clealco Queiroz ,FA,Leilão 2/2015,45.0,14.1,56,206.52,SP,Bagaço de Cana,PIE,0.0,Clealco Açúcar e Álcool S.A.,0.0
UTE,UTE Iacanga Ampliação,FA,Leilão 2/2015,30.6,14.4,35,209.35,SP,Bagaço de Cana,PIE,0.0,Usina Iacanga Açúcar e Álcool S.A.,0.0
UTE,UTE Ituiutaba,FA,Leilão 2/2015,53.2,14.4,93,204.91,MG,Bagaço de Cana,PIE,0.0,Ituiutaba Bioenergia Ltda.,0.0
UTE,UTE Jalles Machado,FA,Leilão 2/2015,20.73,7.9,67,214.3,GO,Bagaço de Cana,PIE,0.0,Jalles Machado S.A.,0.0
UTE,UTE Potirendaba,FA,Leilão 2/2015,40.2,13.2,100,214.6,SP,Bagaço de Cana,PIE,0.0,Noble Brasil S.A.,0.0
UTE,UTE Rio Pardo,FA,Leilão 2/2015,60.0,9.4,94,212.0,SP,Bagaço de Cana,PIE,0.0,"Termelétrico Albioma Rio Pardo:
Rio Pardo Termoelétrica Ltda. 99,99%
Usina Rio Pardo S.A. 0,01%",0.0
UTE,UTE Tropical Bioenergia,FA,Leilão 2/2015,70.0,26.8,175,207.09,GO,Bagaço de Cana,PIE,0.0,Tropical Bioenergia Ltda.,0.0
EOL,EOL Cristalândia I,FA,Leilão 2/2015,30.0,14.1,99,177.47,BA,Vento,PIE,146921100.0,"Consórcio EGP Cristalândia:
Parque Eólico Cristalândia Ltda. 0,10%
Enel Green Power Brasil Participações Ltda. 99,90%",4897370.0
EOL,EOL Cristalândia II,FA,Leilão 2/2015,30.0,14.2,100,177.46,BA,Vento,PIE,146921100.0,"Consórcio EGP Cristalândia:
Parque Eólico Cristalândia Ltda. 0,10%
Enel Green Power Brasil Participações Ltda. 99,90%",4897370.0
EOL,EOL Cristalândia III,FA,Leilão 2/2015,30.0,14.0,98,177.48,BA,Vento,PIE,146921100.0,"Consórcio EGP Cristalândia:
Parque Eólico Cristalândia Ltda. 0,10%
Enel Green Power Brasil Participações Ltda. 99,90%",4897370.0
PCH,PCH Bandeirante,A-5,Leilão 3/2015,27.15,18.4,165,203.98,MS,Rio Sucuriú,PIE,158653000.0,Atiaia Energia S.A.,5843572.7440147335
PCH,PCH Boa Vista II,A-5,Leilão 3/2015,26.5,14.41,140,207.64,MG,Rio Verde,PIE,168531330.0,SPE Boa Vista 2 Energia Ltda,6359672.8301886795
PCH,PCH Confluência,A-5,Leilão 3/2015,27.0,13.72,135,205.0,PR,Rio Marrecas,PIE,129600000.0,Confluência Energia S.A.,4800000.0
PCH,PCH Secretário,A-5,Leilão 3/2015,2.68,1.28,12,202.99,RJ,Rio Fagundes,PIE,14182690.0,Geomecânica S.A.,5292048.507462686
PCH,PCH Verde 4A,A-5,Leilão 3/2015,28.0,19.74,192,206.49,MS,Rio Verde,PIE,267987130.0,Phoenix Geração de Energia S.A.,9570968.92857143
PCH,PCH  Verde 4,A-5,Leilão 3/2015,19.0,13.82,134,206.98,MS,Rio Verde,PIE,193606480.0,Savana Geração de Energia S.A.,10189814.736842105
PCH,PCH Serra dos Cavalinhos I,A-5,Leilão 3/2015,25.0,14.52,141,206.48,RS,Rio das Antas,PIE,219620880.0,Serra dos Cavalinhos I Energética S.A.,8784835.2
PCH,PCH Tigre,A-5,Leilão 3/2015,9.0,5.25,10,195.0,PR,Rio Marrecas,PIE,29677000.0,Tigre Produção de Energia Elétrica Ltda.,3297444.4444444445
UHE,UHE Itaocara I,A-5,Leilão 3/2015,150.0,93.4,892,154.99,RJ,Rio Paraíba do Sul,PIE,875543950.0,"Consórcio Itaocara:
Itaocara Energia Ltda. 51%
CEMIG Geração e Transmissão 49%",5836959.666666667
UHE,UHE Tibagi Montante,A-5,Leilão 3/2015,32.0,20.26,190,209.5,PR,Rio Tibagi,PIE,217254110.0,Minas PCH S.A.,6789190.9375
UTE,UTE Boltbah,A-5,Leilão 3/2015,50.0,41.4,414,272.01,BA,Cavaco de Madeira,PIE,227561000.0,Bolt Energias S.A.,4551220.0
UTE,UTE Codora,A-5,Leilão 3/2015,20.0,6.2,62,278.5,GO,Bagaço de Cana,PIE,20895200.0,Codora Energia Ltda.,1044760.0
UTE,UTE Santa Vitória,A-5,Leilão 3/2015,41.4,30.9,309,272.0,MG,Bagaço de Cana,PIE,245200000.0,ERB MG Energias S.A.,5922705.314009662
PCH,PCH Santa Carolina,A-3,Leilão 4/2015,10.5,5.13,46,203.0,RS,Rio Turvo,PIE,40095000.0,Carolina Geração de Energia Ltda.,3818571.4285714286
PCH,PCH Dores de Guanhaes,A-3,Leilão 4/2015,14.0,7.14,71,205.5,MG,Rio Guanhaes,PIE,85761310.0,PCH Dores de Guanhães S.A.,6125807.857142857
PCH,PCH Fortuna II,A-3,Leilão 4/2015,9.0,4.66,46,205.5,MG,Rio Corrente Grande,PIE,59341760.0,PCH Fortuna II S.A.,6593528.888888889
PCH,PCH Jacare,A-3,Leilão 4/2015,9.0,4.99,49,205.5,MG,Rio Guanhaes,PIE,56317360.0,PCH Jacaré S.A.,6257484.444444444
PCH,PCH das Pedras,A-3,Leilão 4/2015,5.6,3.3,23,207.0,SC,Rio Chapeco,PIE,34528750.0,Euclides Maciel Energética S.A,6165848.214285715
PCH,PCH Senhora do Porto,A-3,Leilão 4/2015,12.0,6.51,65,205.5,MG,Rio Guanhaes,PIE,68015160.0,PCH Senhora do Porto S.A.,5667930.0
PCH,PCH Xavantina,A-3,Leilão 4/2015,6.075,3.54,31,202.85,SC,Rio Irani,PIE,38021610.0,Xavantina Energética S.A.,6258701.234567901
UTE,UTE Clealco Queiroz ,A-3,Leilão 4/2015,28.5,14.5,145,210.73,SP,Bagaço de Cana,PIE,70000000.0,Clealco Açúcar e Álcool S.A.,2456140.350877193
UTE,UTE ProsperidadeI,A-3,Leilão 4/2015,28.023,23.3,227,214.25,BA,Gás Natural,PIE,93306000.0,Imetame Energia Ltda.,3329622.0961353173
UTE,UTE São Sepe,A-3,Leilão 4/2015,8.0,6.8,62,212.0,RS,Casca de Arroz,PIE,45920000.0,Sepé Geração de Energia Ltda.,5740000.0
EOL,EOL Cacimbas 1,A-3,Leilão 4/2015,18.9,10.2,99,181.49,CE,Vento,PIE,93193320.0,Central Eólica Cacimbas Ltda.,4930863.492063493
EOL,EOL Ventos do Norte 13,A-3,Leilão 4/2015,30.0,13.1,128,179.87,MA,Vento,PIE,77770000.0,"Consórcio Delta 3:
MA Mezanino S.A. 0,01%
Ômega Desenvolvimento de Energia S.A. 99,99%",2592333.3333333335
EOL,EOL Ventos do Norte 15,A-3,Leilão 4/2015,30.0,13.1,128,179.86,MA,Vento,PIE,77770000.0,"Consórcio Delta 3:
MA Mezanino S.A. 0,01%
Ômega Desenvolvimento de Energia S.A. 99,99%",2592333.3333333335
EOL,EOL Ventos do Norte 18,A-3,Leilão 4/2015,30.0,13.8,135,179.85,MA,Vento,PIE,77770000.0,"Consórcio Delta 3:
MA Mezanino S.A. 0,01%
Ômega Desenvolvimento de Energia S.A. 99,99%",2592333.3333333335
EOL,EOL Ventos Maranhenses 01,A-3,Leilão 4/2015,30.0,12.7,124,179.88,MA,Vento,PIE,77770000.0,"Consórcio Delta 3:
MA Mezanino S.A. 0,01%
Ômega Desenvolvimento de Energia S.A. 99,99%",2592333.3333333335
EOL,EOL Ventos Maranhenses 02,A-3,Leilão 4/2015,30.0,13.0,127,179.88,MA,Vento,PIE,77770000.0,"Consórcio Delta 3:
MA Mezanino S.A. 0,01%
Ômega Desenvolvimento de Energia S.A. 99,99%",2592333.3333333335
EOL,EOL Ventos Maranhenses 03,A-3,Leilão 4/2015,30.0,13.1,128,179.87,MA,Vento,PIE,77770000.0,"Consórcio Delta 3:
MA Mezanino S.A. 0,01%
Ômega Desenvolvimento de Energia S.A. 99,99%",2592333.3333333335
EOL,EOL Ventos Maranhenses 04,A-3,Leilão 4/2015,30.0,13.5,132,179.86,MA,Vento,PIE,77770000.0,"Consórcio Delta 3:
MA Mezanino S.A. 0,01%
Ômega Desenvolvimento de Energia S.A. 99,99%",2592333.3333333335
EOL,EOL Santa Monica I,A-3,Leilão 4/2015,18.9,10.0,97,181.49,CE,Vento,PIE,92807410.0,Usina Geradora Eólica Santa Mônica SPE S.A.,4910444.973544974
EOL,EOL Ouro Verde,A-3,Leilão 4/2015,29.7,13.2,128,181.49,CE,Vento,PIE,149178440.0,Usina Geradora Eólica Santa Mônica SPE II S.A.,5022843.097643098
EOL,EOL Testa Branca III,A-3,Leilão 4/2015,22.0,8.8,86,178.88,PI,Vento,PIE,86945230.0,Testa Branca III Energia S.A.,3952055.909090909
EOL,EOL Estrela,A-3,Leilão 4/2015,29.7,14.0,136,181.49,CE,Vento,PIE,161238460.0,Central Eólica Trairi II Ltda.,5428904.377104377
EOL,EOL Ventos de Sao Vicente 08,A-3,Leilão 4/2015,30.0,16.0,145,182.39,PI,Vento,PIE,112461940.0,Ventos de São Vicente Energias Renováveis S.A.,3748731.3333333335
EOL,EOL Ventos de Sao Vicente 09,A-3,Leilão 4/2015,29.9,14.6,131,182.41,PI,Vento,PIE,112087070.0,Ventos de São Vicente Energias Renováveis S.A.,3748731.4381270907
EOL,EOL Ventos de Sao Vicente 10,A-3,Leilão 4/2015,29.9,14.0,137,182.41,PI,Vento,PIE,112087070.0,Ventos de São Vicente Energias Renováveis S.A.,3748731.4381270907
EOL,EOL Ventos de Sao Vicente 11,A-3,Leilão 4/2015,29.9,14.1,124,182.42,PI,Vento,PIE,112087070.0,Ventos de São Vicente Energias Renováveis S.A.,3748731.4381270907
EOL,EOL Ventos de Sao Vicente 12,A-3,Leilão 4/2015,30.0,15.6,132,182.41,PI,Vento,PIE,112461940.0,Ventos de São Vicente Energias Renováveis S.A.,3748731.3333333335
EOL,EOL Ventos de Sao Vicente 13,A-3,Leilão 4/2015,29.9,13.7,116,182.42,PI,Vento,PIE,112087070.0,Ventos de São Vicente Energias Renováveis S.A.,3748731.4381270907
EOL,EOL Ventos de Sao Vicente 14,A-3,Leilão 4/2015,30.0,15.6,145,182.4,PI,Vento,PIE,112461940.0,Ventos de São Vicente Energias Renováveis S.A.,3748731.3333333335
UFV,UFV Angico 01,LER,Leilão 8/2015,27.0,6.7,67,296.0,PB,Sol,PIE,121258000.0,"Consórcio Angico 1:
Angico Solar Energia SPE 0,01
Kawa Solar Holdings Limited 99,99",4491037.037037037
UFV,UFV Assuruá I,LER,Leilão 8/2015,30.0,8.8,86,298.5,BA,Sol,PIE,126515010.0,"Consórcio Assuruá:
Assuruá Solar Energia Ltda. 0,1%
Supernova Investimentos e Participações em Energia 99,9%",4217167.0
UFV,UFV Coremas II,LER,Leilão 8/2015,30.0,6.9,67,301.88,PB,Sol,PIE,143042000.0,SPE CESP Coremas II Ltda.,4768066.666666667
UFV,UFV Verde Vale III,LER,Leilão 8/2015,15.132,3.7,37,302.92,BA,Sol,PIE,66355000.0,"Consórcio Edena:
Vale Verde Energia Ltda 50,1%
Inversiones Solares Esef, S.A. 49,9 %",4385077.980438805
UFV,UFV Horizonte MP 1,LER,Leilão 8/2015,30.0,9.2,92,301.83,BA,Sol,PIE,156675570.0,"Consórcio EGP-Alba:
Alba Energia Ltda  0,01
Enel Green Power Brasil Participações Ltda. 99,99",5222519.0
UFV,UFV Horizonte MP 11,LER,Leilão 8/2015,20.0,6.1,61,301.83,BA,Sol,PIE,112770380.0,"Consórcio EGP-Alba:
Alba Energia Ltda  0,01
Enel Green Power Brasil Participações Ltda. 99,99",5638519.0
UFV,UFV Horizonte MP 2,LER,Leilão 8/2015,30.0,9.2,92,301.83,BA,Sol,PIE,156675570.0,"Consórcio EGP-Alba:
Alba Energia Ltda  0,01
Enel Green Power Brasil Participações Ltda. 99,99",5222519.0
UFV,UFV Lapa 2,LER,Leilão 8/2015,30.0,8.7,87,303.83,BA,Sol,PIE,155200810.0,"Consórcio EGP-Alba:
Alba Energia Ltda  0,01
Enel Green Power Brasil Participações Ltda. 99,99",5173360.333333333
UFV,UFV Lapa 3,LER,Leilão 8/2015,30.0,8.7,87,303.83,BA,Sol,PIE,155200810.0,"Consórcio EGP-Alba:
Alba Energia Ltda  0,01
Enel Green Power Brasil Participações Ltda. 99,99",5173360.333333333
UFV,UFV Nova Olinda 10,LER,Leilão 8/2015,30.0,8.8,88,302.83,PI,Sol,PIE,208147450.0,"Consórcio EGP-Alba:
Alba Energia Ltda  0,01
Enel Green Power Brasil Participações Ltda. 99,99",6938248.333333333
UFV,UFV Nova Olinda 11,LER,Leilão 8/2015,30.0,8.8,88,302.83,PI,Sol,PIE,208147450.0,"Consórcio EGP-Alba:
Alba Energia Ltda  0,01
Enel Green Power Brasil Participações Ltda. 99,99",6938248.333333333
UFV,UFV Nova Olinda 12,LER,Leilão 8/2015,30.0,8.8,88,302.83,PI,Sol,PIE,208147450.0,"Consórcio EGP-Alba:
Alba Energia Ltda  0,01
Enel Green Power Brasil Participações Ltda. 99,99",6938248.333333333
UFV,UFV Nova Olinda 13,LER,Leilão 8/2015,30.0,8.8,88,302.83,PI,Sol,PIE,208147450.0,"Consórcio EGP-Alba:
Alba Energia Ltda  0,01
Enel Green Power Brasil Participações Ltda. 99,99",6938248.333333333
UFV,UFV Nova Olinda 14,LER,Leilão 8/2015,30.0,8.8,88,302.83,PI,Sol,PIE,208147450.0,"Consórcio EGP-Alba:
Alba Energia Ltda  0,01
Enel Green Power Brasil Participações Ltda. 99,99",6938248.333333333
UFV,UFV Nova Olinda 8,LER,Leilão 8/2015,30.0,8.8,88,302.83,PI,Sol,PIE,208147450.0,"Consórcio EGP-Alba:
Alba Energia Ltda  0,01
Enel Green Power Brasil Participações Ltda. 99,99",6938248.333333333
UFV,UFV Nova Olinda 9,LER,Leilão 8/2015,30.0,8.8,88,302.83,PI,Sol,PIE,208147450.0,"Consórcio EGP-Alba:
Alba Energia Ltda  0,01
Enel Green Power Brasil Participações Ltda. 99,99",6938248.333333333
UFV,UFV Bom Jesus da Lapa I,LER,Leilão 8/2015,30.0,8.4,84,304.83,BA,Sol,PIE,165600000.0,"Consórcio EGP-Desenvolvimento:
Enel Green Power Brasil Participações Ltda. 99,99%
Enel Green Power Desenvolvimento Ltda. 0,01%",5520000.0
UFV,UFV Bom Jesus da Lapa II,LER,Leilão 8/2015,30.0,8.4,84,304.83,BA,Sol,PIE,165600000.0,"Consórcio EGP-Desenvolvimento:
Enel Green Power Brasil Participações Ltda. 99,99%
Enel Green Power Desenvolvimento Ltda. 0,01%",5520000.0
UFV,UFV Malta,LER,Leilão 8/2015,27.0,6.7,67,296.0,PB,Sol,PIE,121258000.0,"Consórcio Malta:
Malta Solar Energia SPE 0,01
Kawa Solar Holdings Limited 99,99",4491037.037037037
UFV,UFV Pirapora 10,LER,Leilão 8/2015,30.0,8.4,84,296.45,MG,Sol,PIE,128168000.0,"Consórcio Pirapora:
Solatio Brasil Gestão de Projetos Solares Ltda 0,01 %
Canadian Solar Inc 99,99 %",4272266.666666667
UFV,UFV Pirapora 5,LER,Leilão 8/2015,30.0,8.4,84,302.0,MG,Sol,PIE,128165000.0,"Consórcio Pirapora:
Solatio Brasil Gestão de Projetos Solares Ltda 0,01 %
Canadian Solar Inc 99,99 %",4272166.666666667
UFV,UFV Pirapora 6,LER,Leilão 8/2015,30.0,8.4,84,296.45,MG,Sol,PIE,128168000.0,"Consórcio Pirapora:
Solatio Brasil Gestão de Projetos Solares Ltda 0,01 %
Canadian Solar Inc 99,99 %",4272266.666666667
UFV,UFV Pirapora 7,LER,Leilão 8/2015,30.0,8.4,84,299.0,MG,Sol,PIE,128168000.0,"Consórcio Pirapora:
Solatio Brasil Gestão de Projetos Solares Ltda 0,01 %
Canadian Solar Inc 99,99 %",4272266.666666667
UFV,UFV Pirapora 9,LER,Leilão 8/2015,30.0,8.4,84,299.0,MG,Sol,PIE,128168000.0,"Consórcio Pirapora:
Solatio Brasil Gestão de Projetos Solares Ltda 0,01 %
Canadian Solar Inc 99,99 %",4272266.666666667
UFV,UFV Sertão 1,LER,Leilão 8/2015,30.0,7.8,78,304.5,PI,Sol,PIE,126332000.0,"Consórcio Sertão 1:
Sertão Solar Energia SPE Ltda 0,1%
Grupo Gransolar S.L 99,9%",4211066.666666667
UFV,UFV Sobral 1,LER,Leilão 8/2015,30.0,7.8,78,302.5,PI,Sol,PIE,126515010.0,"Consórcio Sobral 1:
Sobral Solar Energia SPE Ltda 0,1%
Grupo Gransolar S.L 99,9%",4217167.0
UFV,UFV Sol Maior 2,LER,Leilão 8/2015,5.0,1.2,12,297.0,TO,Sol,PIE,20579000.0,Sun Premier Rio Energias Renováveis Ltda.,4115800.0
UFV,UFV São Pedro II,LER,Leilão 8/2015,29.835,8.0,75,305.51,BA,Sol,PIE,122224000.0,"Consórcio SunEdison Renova:
Renova Energia S.A. 50%
Sune Solar B.V. 49,9%
Sunedison Brasil Energia Ltda. 0,1%",4096664.9907826376
UFV,UFV São Pedro IV,LER,Leilão 8/2015,29.835,8.0,75,305.51,BA,Sol,PIE,122224000.0,"Consórcio SunEdison Renova:
Renova Energia S.A. 50%
Sune Solar B.V. 49,9%
Sunedison Brasil Energia Ltda. 0,1%",4096664.9907826376
UFV,UFV BJL 11,LER,Leilão 8/2015,20.0,5.0,50,303.5,BA,Sol,PIE,79481000.0,"Consórcio Vila Renovável:
Vila Energia Renovável S/S Ltda. 0,01
Quaatro Participações S.A. 99,99",3974050.0
EOL,EOL Pedra do Reino IV,LER,Leilão 9/2015,20.0,9.7,97,178.0,BA,Vento,PIE,96098000.0,"Consórcio Gestamp Eólica:
Gestamp Eólica Brasil S.A. 0,0001%
Gestamp Eólica S.L. 99,9999%",4804900.0
EOL,EOL Ventos da Bahia I,LER,Leilão 9/2015,30.0,13.1,131,203.96,BA,Vento,PIE,144935880.0,"Consórcio VDB:
Parque Eólico Ventos da Bahia Ltda – Líder 0,1%
VDB F2 Geração de Energia S.A 99,9%",4831196.0
EOL,EOL Ventos da Bahia III,LER,Leilão 9/2015,30.0,14.5,145,203.96,BA,Vento,PIE,144563510.0,"Consórcio VDB:
Parque Eólico Ventos da Bahia Ltda – Líder 0,1%
VDB F2 Geração de Energia S.A 99,9%",4818783.666666667
EOL,EOL Ventos da Bahia IX,LER,Leilão 9/2015,30.0,13.4,132,203.96,BA,Vento,PIE,144980980.0,"Consórcio VDB:
Parque Eólico Ventos da Bahia Ltda – Líder 0,1%
VDB F2 Geração de Energia S.A 99,9%",4832699.333333333
EOL,EOL Ventos da Bahia XVIII,LER,Leilão 9/2015,27.0,13.4,134,203.96,BA,Vento,PIE,118632670.0,"Consórcio VDB:
Parque Eólico Ventos da Bahia Ltda – Líder 0,1%
VDB F2 Geração de Energia S.A 99,9%",4393802.592592592
EOL,EOL Serra da Babilonia II,LER,Leilão 9/2015,30.0,16.1,135,206.48,BA,Vento,PIE,135140000.0,"Consórcio Rio Energy Morro do Chapéu:
Copacabana Geração de Energia e Participações S.A. – Líder 99,99%
Millennium Wind Participações Ltda. 0,01%",4504666.666666667
EOL,EOL Serra da Babilonia VI,LER,Leilão 9/2015,26.0,13.2,108,206.48,BA,Vento,PIE,117130000.0,"Consórcio Rio Energy Morro do Chapéu:
Copacabana Geração de Energia e Participações S.A. – Líder 99,99%
Millennium Wind Participações Ltda. 0,01%",4505000.0
EOL,EOL Serra da Babilonia VII,LER,Leilão 9/2015,26.0,14.4,128,206.48,BA,Vento,PIE,117130000.0,"Consórcio Rio Energy Morro do Chapéu:
Copacabana Geração de Energia e Participações S.A. – Líder 99,99%
Millennium Wind Participações Ltda. 0,01%",4505000.0
EOL,EOL Serra da Babilonia VIII,LER,Leilão 9/2015,26.0,14.1,126,206.48,BA,Vento,PIE,117130000.0,"Consórcio Rio Energy Morro do Chapéu:
Copacabana Geração de Energia e Participações S.A. – Líder 99,99%
Millennium Wind Participações Ltda. 0,01%",4505000.0
EOL,EOL Serra da Babilonia IX,LER,Leilão 9/2015,26.0,13.2,118,206.48,BA,Vento,PIE,117130000.0,"Consórcio Rio Energy Morro do Chapéu:
Copacabana Geração de Energia e Participações S.A. – Líder 99,99%
Millennium Wind Participações Ltda. 0,01%",4505000.0
EOL,EOL Vila Acre I,LER,Leilão 9/2015,25.2,15.2,144,210.98,RN,Vento,PIE,100800000.0,"Consórcio Voltalia:
Voltalia Energia do Brasil Ltda – Líder 40%
Voltalia S.A. 60%",4000000.0
EOL,EOL Serra da Babilonia X,LER,Leilão 9/2015,26.0,14.1,127,206.48,BA,Vento,PIE,117130000.0,"Consórcio Rio Energy Morro do Chapéu:
Copacabana Geração de Energia e Participações S.A. – Líder 99,99%
Millennium Wind Participações Ltda. 0,01%",4505000.0
EOL,EOL Serra da Babilonia XI,LER,Leilão 9/2015,28.0,15.5,120,206.48,BA,Vento,PIE,126135000.0,"Consórcio Rio Energy Morro do Chapéu:
Copacabana Geração de Energia e Participações S.A. – Líder 99,99%
Millennium Wind Participações Ltda. 0,01%",4504821.428571428
EOL,EOL Serra da Babilonia XII,LER,Leilão 9/2015,28.0,15.8,131,206.48,BA,Vento,PIE,126135000.0,"Consórcio Rio Energy Morro do Chapéu:
Copacabana Geração de Energia e Participações S.A. – Líder 99,99%
Millennium Wind Participações Ltda. 0,01%",4504821.428571428
EOL,EOL Ventos Maranhenses 05,LER,Leilão 9/2015,30.0,15.3,122,212.39,MA,Vento,PIE,77770000.0,"Consórcio Delta 4:
Omega Energia e Implantação 2 S.A. – Líder 99,99%
M.A. Mezanino S.A. 0,01%",2592333.3333333335
EOL,EOL Ventos de Santa Aparecida,LER,Leilão 9/2015,28.0,15.4,152,199.37,BA,Vento,PIE,128800000.0,"Consórcio Ventos De Santa Aparecida:
Casa dos Ventos Energias Renováveis S.A. 19,99%
EDP Renováveis Brasil S.A. – Líder 80,00%
Salus Fundos de Investimento Em Participações 0,01%",4600000.0
EOL,EOL Ventos de Santa Aurora,LER,Leilão 9/2015,28.0,14.1,139,199.37,BA,Vento,PIE,128800000.0,"Consórcio Ventos de Santa Aurora:
Casa dos Ventos Energias Renováveis S.A. 19,99%
EDP Renováveis Brasil S.A. – Líder 80,00%
Salus Fundos de Investimento Em Participações 0,01%",4600000.0
EOL,EOL Ventos de Santa Beatriz,LER,Leilão 9/2015,28.0,15.4,152,199.37,BA,Vento,PIE,128800000.0,"Consórcio Ventos de Santa Beatriz:
Casa dos Ventos Energias Renováveis S.A. 19,99%
EDP Renováveis Brasil S.A. – Líder 80,00%
Salus Fundos de Investimento Em Participações 0,01%",4600000.0
EOL,EOL Ventos deSanta Emilia,LER,Leilão 9/2015,28.0,14.4,142,199.37,BA,Vento,PIE,128800000.0,"Consórcio Ventos de Santa Emília:
Casa dos Ventos Energias Renováveis S.A. 19,99%
EDP Renováveis Brasil S.A. – Líder 80,00%
Salus Fundos de Investimento Em Participações 0,01%",4600000.0
EOL,EOL Ventos do São Gabriel,LER,Leilão 9/2015,28.0,14.5,143,199.37,BA,Vento,PIE,128800000.0,"Consórcio Ventos de São Gabriel:
Casa dos Ventos Energias Renováveis S.A. 19,99%
EDP Renováveis Brasil S.A. – Líder 80,00%
Salus Fundos de Investimento Em Participações 0,01%",4600000.0
UFV,UFV Coremas III,LER,Leilão 9/2015,30.0,7.1,71,302.8,PB,Sol,PIE,143042000.0,Rio Alto Empreendimentos e Participações Ltda.,4768066.666666667
UFV,UFV Sol Steelcons Miracema 1,LER,Leilão 9/2015,30.0,5.4,54,295.99,TO,Sol,PIE,203655000.0,Steelcons Empreiteira e Construção Civil Ltda.,6788500.0
UFV,UFV Sol Steelcons Miracema 2,LER,Leilão 9/2015,30.0,5.4,54,296.99,TO,Sol,PIE,203655000.0,Steelcons Empreiteira e Construção Civil Ltda.,6788500.0
UFV,UFV Sol Steelcons Miracema 3,LER,Leilão 9/2015,30.0,5.4,54,301.49,TO,Sol,PIE,203655000.0,Steelcons Empreiteira e Construção Civil Ltda.,6788500.0
UFV,UFV Nova Cruz,LER,Leilão 9/2015,30.0,7.0,63,292.6,RN,Sol,PIE,171541250.0,ADX Consultoria e Engenharia Ltda,5718041.666666667
UFV,UFV Brisas Suaves,LER,Leilão 9/2015,5.0,1.3,13,293.0,SP,Sol,PIE,20180000.0,"Consórcio Brisas Suaves:
Kariatide Empreendimentos Ltda. – Líder 99,99%
Solatio Gestão de Projetos Solares Ltda. 0,01",4036000.0
UFV,UFV Apodi I,LER,Leilão 9/2015,30.0,8.7,87,300.88,CE,Sol,PIE,120000010.0,"Consórcio Apodi:
Kroma Comercializadora de Energia Ltda.- Líder 38,8%
Exito Importadora e Exportadora S.A. 36,2%
Rodrigo Pedroso Investimentos e Participações S.A. 25%",4000000.3333333335
UFV,UFV Guimarania 1,LER,Leilão 9/2015,30.0,8.2,82,290.0,MG,Sol,PIE,129298000.0,"Consórcio  Guimarania:
NSG Indústria de Construção e 
Participações Eireli – Líder 49,95%
Solatio Brasil Gestão de Projetos Solares Ltda.  0,1%
Sindustrial Engenharia Ltda. 49,95%",4309933.333333333
UFV,UFV Assu V,LER,Leilão 9/2015,30.0,9.2,92,302.99,RN,Sol,PIE,149784370.0,"Consórcio Assú:
Tractebel Energias Complementares Ltda. – Líder 99,99%
Martifer Renováveis Ltda. 0,01%",4992812.333333333
UFV,UFV Apodi II,LER,Leilão 9/2015,30.0,8.7,87,300.88,CE,Sol,PIE,120000000.0,"Consórcio Apodi:
Kroma Comercializadora de Energia Ltda.- Líder 38,8%
Exito Importadora e Exportadora S.A. 36,2%
Rodrigo Pedroso Investimentos e Participações S.A. 25%",4000000.0
UFV,UFV Guimarania 2,LER,Leilão 9/2015,30.0,8.2,82,290.0,MG,Sol,PIE,126008000.0,"Consórcio  Guimarania:
NSG Indústria de Construção e 
Participações Eireli – Líder 49,95%
Solatio Brasil Gestão de Projetos Solares Ltda.  0,1%
Sindustrial Engenharia Ltda. 49,95%",4200266.666666667
UFV,UFV Apodi III,LER,Leilão 9/2015,30.0,8.7,87,300.88,CE,Sol,PIE,120000000.0,"Consórcio Apodi:
Kroma Comercializadora de Energia Ltda.- Líder 38,8%
Exito Importadora e Exportadora S.A. 36,2%
Rodrigo Pedroso Investimentos e Participações S.A. 25%",4000000.0
UFV,UFV Apodi IV,LER,Leilão 9/2015,30.0,8.7,87,300.88,CE,Sol,PIE,120000000.0,"Consórcio Apodi:
Kroma Comercializadora de Energia Ltda.- Líder 38,8%
Exito Importadora e Exportadora S.A. 36,2%
Rodrigo Pedroso Investimentos e Participações S.A. 25%",4000000.0
UFV,UFV Pirapora 2,LER,Leilão 9/2015,30.0,8.4,84,301.0,MG,Sol,PIE,128168000.0,"Consórcio Pirapora:
Solatio Brasil Gestão de Projetos Solares Ltda.  – Líder 0,01%
Canadian Solar INC. 99,99%",4272266.666666667
UFV,UFV Paracatu 1,LER,Leilão 9/2015,30.0,8.5,85,298.0,MG,Sol,PIE,125916000.0,"Consórcio Solairedirect Solatio:
Solatio Solar Gestão de Projetos Ltda. – Líder 0,01%
Solairedirect SAS 99,99%",4197200.0
UFV,UFV Paracatu 2,LER,Leilão 9/2015,30.0,8.5,85,298.0,MG,Sol,PIE,125738000.0,"Consórcio Solairedirect Solatio:
Solatio Solar Gestão de Projetos Ltda. – Líder 0,01%
Solairedirect SAS 99,99%",4191266.6666666665
UFV,UFV Pirapora 3,LER,Leilão 9/2015,30.0,8.4,84,299.5,MG,Sol,PIE,127738000.0,"Consórcio Pirapora:
Solatio Brasil Gestão de Projetos Solares Ltda.  – Líder 0,01%
Canadian Solar INC. 99,99%",4257933.333333333
UFV,UFV Pirapora 4,LER,Leilão 9/2015,30.0,8.4,84,299.5,MG,Sol,PIE,127738000.0,"Consórcio Pirapora:
Solatio Brasil Gestão de Projetos Solares Ltda.  – Líder 0,01%
Canadian Solar INC. 99,99%",4257933.333333333
UFV,UFV Paracatu 3,LER,Leilão 9/2015,30.0,8.5,85,298.0,MG,Sol,PIE,125738000.0,"Consórcio Solairedirect Solatio:
Solatio Solar Gestão de Projetos Ltda. – Líder 0,01%
Solairedirect SAS 99,99%",4191266.6666666665
UFV,UFV Paracatu 4,LER,Leilão 9/2015,30.0,8.5,85,298.0,MG,Sol,PIE,125738000.0,"Consórcio Solairedirect Solatio:
Solatio Solar Gestão de Projetos Ltda. – Líder 0,01%
Solairedirect SAS 99,99%",4191266.6666666665
UFV,UFV Sobrado1,LER,Leilão 9/2015,30.0,7.8,78,299.95,BA,Sol,PIE,118598000.0,"Consórcio  OH Sobrado:
Sobrado Solar Energia SPE Ltda – Líder 0,01%
Origis Invest Ltd 80,00%
Construtora Hazbun Ltda 10%
Ser Sistemas de Energia Renovável Ltda 9,99%",3953266.6666666665
UFV,UFV Floresta I,LER,Leilão 9/2015,30.0,9.4,94,292.8,RN,Sol,PIE,143892370.0,"Consórcio Solairedirect Floresta: 
MSPAR Energia e Participações S.A. – Líder 0,01%
Solairedirect SAS 99,99%",4796412.333333333
UFV,UFV Floresta II,LER,Leilão 9/2015,30.0,9.4,94,292.8,RN,Sol,PIE,143892370.0,"Consórcio Solairedirect Floresta: 
MSPAR Energia e Participações S.A. – Líder 0,01%
Solairedirect SAS 99,99%",4796412.333333333
UFV,UFV Floresta III,LER,Leilão 9/2015,20.0,6.3,63,292.81,RN,Sol,PIE,100223590.0,"Consórcio Solairedirect Floresta: 
MSPAR Energia e Participações S.A. – Líder 0,01%
Solairedirect SAS 99,99%",5011179.5
UFV,UFV Boa Hora 1,LER,Leilão 9/2015,25.0,5.3,53,291.75,PE,Sol,PIE,150195000.0,"Consórcio Boa Hora:
Eólica Tecnologia Ltda. – Líder 19,99%
Solar Tecnologia Ltda. 0,01
European Energy A/S 80%",6007800.0
UFV,UFV Boa Hora 2,LER,Leilão 9/2015,25.0,5.3,53,291.75,PE,Sol,PIE,150195000.0,"Consórcio Boa Hora:
Eólica Tecnologia Ltda. – Líder 19,99%
Solar Tecnologia Ltda. 0,01
European Energy A/S 80%",6007800.0
UFV,UFV Boa Hora 3,LER,Leilão 9/2015,25.0,5.3,53,291.75,PE,Sol,PIE,150195000.0,"Consórcio Boa Hora:
Eólica Tecnologia Ltda. – Líder 19,99%
Solar Tecnologia Ltda. 0,01
European Energy A/S 80%",6007800.0
UFV,UFV Juazeiro Solar I,LER,Leilão 9/2015,29.835,8.7,87,301.02,BA,Sol,PIE,122224000.0,"Consórcio Sunedison:
Sunedison Brasil Energia Ltda. – Líder 0,1%
Sune Solar B.V. 99,9%",4096664.9907826376
UFV,UFV Juazeiro Solar II,LER,Leilão 9/2015,29.835,8.7,87,301.02,BA,Sol,PIE,122224000.0,"Consórcio Sunedison:
Sunedison Brasil Energia Ltda. – Líder 0,1%
Sune Solar B.V. 99,9%",4096664.9907826376
UFV,UFV Juazeiro Solar  III,LER,Leilão 9/2015,29.835,8.7,87,301.02,BA,Sol,PIE,122224000.0,"Consórcio Sunedison:
Sunedison Brasil Energia Ltda. – Líder 0,1%
Sune Solar B.V. 99,9%",4096664.9907826376
UFV,UFV Juazeiro Solar  IV,LER,Leilão 9/2015,29.835,8.7,87,301.02,BA,Sol,PIE,122224000.0,"Consórcio Sunedison:
Sunedison Brasil Energia Ltda. – Líder 0,1%
Sune Solar B.V. 99,9%",4096664.9907826376
UFV,UFV Fazenda Esmeralda,LER,Leilão 9/2015,30.0,6.2,62,294.0,PE,Sol,PIE,153719890.0,Energybras Energias Renováveis Ltda.,5123996.333333333
UFV,UFV BJL 4,LER,Leilão 9/2016,20.0,5.0,50,300.15,BA,Sol,PIE,79481000.0,"Consórcio Vila Renovável:
Vila Energia Renovável S/S Ltda. – Líder 0,01%
Quatro Participações Ltda. 99,99%",3974050.0
PCH,PCH Usina Barra do Leao ,A-5,Leilão 1/2016,3.57,1.94,19,193.75,SC,Rio Leão,PIE,21885000.0,Três Leões Participações S.A.,6130252.100840337
PCH,PCH Clairto Zonta,A-5,Leilão 1/2016,14.923,7.64,75,184.0,PR,Rio Branco,PIE,84796700.0,Argentum Energia SPE Ltda.,5682282.382898881
PCH,PCH Cachoeira Cachimbo Alto,A-5,Leilão 1/2016,9.81,6.02,59,193.95,RO,Rio Branco,PIE,67458370.0,Hidrelétrica Cachimbo Alto Ltda.,6876490.316004077
PCH,PCH Canhadao,A-5,Leilão 1/2016,10.0,6.22,50,195.0,PR,Rio  Covó,PIE,41130000.0,Canhadão Produção de Energia Ltda,4113000.0
PCH,PCH Castro,A-5,Leilão 1/2016,4.0,2.47,17,195.0,PR,Rio Iapó,PIE,19220000.0,Castro Energia Ltda - ME,4805000.0
PCH,PCH Cazuza Ferreira,A-5,Leilão 1/2016,9.1,6.13,15,189.15,RS,Rio Lajeado Grande,PIE,39635100.0,Cazuza Ferreira Energética S.A.,4355505.494505495
PCH,PCH Capivari,A-5,Leilão 1/2016,18.738,6.83,30,189.98,SC,Rio Capivari,PIE,51742320.0,"Consórcio Cerbranorte-Urbano:  
Cerbranorte Geração S.A.– 50,0%
Urbano Agroindustrial Ltda. – 50%",2761357.668908101
PCH,PCH Cabeça de Boi,A-5,Leilão 1/2016,30.0,17.85,42,147.85,MT,Rio Apiacás,PIE,0.0,Enel Green Power Cabeça de Boi S.A.,0.0
PCH,PCH da Fazenda,A-5,Leilão 1/2016,7.36,4.95,49,184.9,MT,Rio Apiacás,PIE,162600730.0,Enel Green Power Fazenda S.A.,22092490.489130434
UHE,UHE SANTA BRANCA,A-5,Leilão 1/2016,62.0,35.1,341,150.0,PR,Rio Tibagi,PIE,399578400.0,Hidrelétrica Santa Branca S.A.,6444812.903225807
PCH,PCH São Joao II,A-5,Leilão 1/2016,6.991,3.6,35,184.0,PR,Rio São João,PIE,46155640.0,Hidrelétrica São João II SPE Ltda.,6602151.337433844
PCH,PCH Nova Guapore,A-5,Leilão 1/2016,13.964,9.39,90,194.0,MT,Rio Guapore,PIE,95780000.0,Nova Guaporé Energética S.A,6859066.170151819
PCH,PCH Agua Brava,A-5,Leilão 1/2016,13.05,6.37,56,194.0,MT,Rio Prata,PIE,54182000.0,Usina Elétrica do Prata S.A.,4151877.394636015
PCH,PCH Agua Prata,A-5,Leilão 1/2016,13.3,6.62,59,194.0,MT,Rio Prata,PIE,61145000.0,Usina Elétrica do Prata S.A.,4597368.421052631
PCH,PCH Recanto,A-5,Leilão 1/2016,9.11,5.32,53,192.88,MT,Rio Corrego Água Limpa,PIE,39499480.0,"Consórcio Recanto: 
Interalli Administração e Participações S.A. – 94,99%
Total Hidrelétrica Participações S.A. – 5,00%
Recanto Energia SPE Ltda. – 0,01%",4335837.541163557
PCH,PCH Renic,A-5,Leilão 1/2016,16.0,6.55,18,164.73,GO,Rio Bonito,PIE,0.0,Carnaúba Geração de Energia S.A.,0.0
PCH,PCH Salto Bandeirantes,A-5,Leilão 1/2016,4.2,2.92,23,194.0,PR,Rio Bandeirantes do Norte,PIE,19818000.0,Santa Fé Energética Ltda. – ME ,4718571.428571428
PCH,PCH São Luiz,A-5,Leilão 1/2016,10.5,4.32,43,188.8,ES,Rio Guandu,PIE,66937890.0,São Luiz Energia S.A.,6375037.142857143
PCH,PCH Serra das Agulhas,A-5,Leilão 1/2016,30.0,12.87,11,162.33,MG,Rio Pardo Pequeno,PIE,0.0,Sigma Energia S.A.,0.0
PCH,PCH Tamboril,A-5,Leilão 1/2016,29.328,12.91,53,164.73,GO,Rio Bonito,PIE,0.0,Tamboril Energética S.A.,0.0
PCH,PCH Tigre,A-5,Leilão 1/2016,9.0,5.25,32,195.0,PR,Rio Marrecas,PIE,0.0,Tigre Produção de Energia Elétrica Ltda,0.0
UTE,UTE Biogas Bonfim,A-5,Leilão 1/2016,20.893,13.7,110,251.0,SP,Biogás,PIE,129893000.0,Raízen Energia S.A.,6217058.344900206
UTE,UTE Onça Pintada,A-5,Leilão 1/2016,50.0,43.1,381,243.21,MS,Cavaco / Resíduo de Madeira,PIE,292400000.0,Eldorado Brasil Celulose S.A.,5848000.0
UTE,UTE N O Bioenergia,A-5,Leilão 1/2016,18.0,2.9,23,181.25,SP,Bagaço de Cana,PIE,22414660.0,J O bioenergia S.A.,1245258.888888889
UTE,UTE Porto das Àguas,A-5,Leilão 1/2016,40.0,26.1,53,203.25,GO,Bagaço de Cana,PIE,0.0,Cerradinho Bioenergia S.A.,0.0
UTE,UTE Predilecta,A-5,Leilão 1/2016,5.0,4.5,34,199.0,SP,Cavaco / Resíduo de Madeira,PIE,30019640.0,Predilecta Alimentos Ltda.,6003928.0
UTE,UTE Vale do Parana,A-5,Leilão 1/2016,48.5,18.8,137,245.2,SP,Bagaço de Cana,PIE,97540000.0,Vale do Paraná S.A. Álcool e Açúcar,2011134.0206185568
UTE,UTE WD,A-5,Leilão 1/2016,16.0,7.7,77,217.18,MG,Bagaço de Cana,PIE,26376000.0,WD Agroindustrial Ltda.,1648500.0
UTE,UTE OESTE DE CANOAS 1,A-5,Leilão 1/2016,5.54,3.4,33,258.0,MA,Gás Natural,PIE,16899000.0,Oeste de Canoas Petróleo e Gás Ltda.,3050361.010830325
PCH,PCH Armando Ribeiro,LER,Leilão 3/2016,4.659,3.2,288,225.88,RN,RIO PIRANHAS/AÇU,PIE,171069730.1,Central Geradora Hidrelétrica Armando Ribeiro S.A.,36718121.93603778
PCH,PCH Areado,LER,Leilão 3/2016,18.0,10.92,982,235.0,MS,RIO INDAIÁ GRANDE,PIE,606851253.6,Atiaia Energia S/A,33713958.53333333
PCH,PCH Coração,LER,Leilão 3/2016,4.3,2.26,170,231.49,SC,RIO BURRO BRANCO,PIE,103486585.94,Brasil Sul Energia S.A,24066647.893023256
CGH,CGH Santo Tessaro,LER,Leilão 3/2016,1.0,0.64,55,229.98,SC,RIO BONITO,PIE,33262559.35,C2LG Geração de Energia Ltda.,33262559.35
PCH,PCH Castanhao,LER,Leilão 3/2016,9.0,5.03,452,225.88,CE,RIO JAGUARIBE,PIE,268484437.52,Central Geradora Hidrelétrica Castanhão S.A,29831604.168888886
PCH,PCH Covó,LER,Leilão 3/2016,5.0,2.6,234,232.45,PR,RIO MARRECAS,PIE,143036973.14,Covó Energia S.A.,28607394.628
PCH,PCH Estivadinho 3,LER,Leilão 3/2016,9.9,6.99,629,223.25,MT,RIO JAURU,PIE,369270841.74,"Consórcio Estivadinho 3: São Benedito Energia, Investimentos e Participações S.A. – 99%; Pan Partners Administração Patrimonial Ltda. – 1%",37300085.02424242
PCH,PCH Figueira,LER,Leilão 3/2016,1.274,0.91,80,229.9,RO,RIO SALDANHA,PIE,48365074.56,Centrais Elétricas Figueirão Ltda.,37963166.84458399
CGH,CGH Inga Mirim,LER,Leilão 3/2016,1.0,0.79,51,232.5,MG,RIO RIBEIRAO POUSO ALEGRE,PIE,31181430.6,Inga-Mirim Energia S.A,31181430.6
PCH,PCH JUI 117,LER,Leilão 3/2016,24.419,18.82,1.693,223.2,MT,RIO JUINA,PIE,993697167.17,PCH Juína S.A.,40693606.09238707
PCH,PCH Roncador,LER,Leilão 3/2016,6.0,3.04,273,226.9,SC,RIO CAPETINGA,PIE,162892109.02,Lombo do Cavalo S/A Geração Elétrica,27148684.83666667
CGH,CGH Willy Faller,LER,Leilão 3/2016,1.0,0.73,66,229.78,SC,RIO LAJEADO DOS PORTÕES,PIE,39880359.45,Mafras Energia e Reflorestamento Ltda.,39880359.45
PCH,PCH Mantovillis,LER,Leilão 3/2016,5.2,3.58,300,223.3,MT,RIO MUTUM,PIE,176162263.2,"Consórcio Mantovilis: São Benedito Energia, Investimentos e Participações S.A. – 99%; Pan Partners Administração Patrimonial Ltda. – 1%",33877358.307692304
PCH,PCH Manuel Alves,LER,Leilão 3/2016,8.0,5.22,467,231.49,TO,RIO MANUEL ALVES,PIE,284283739.03,Central Geradora Hidrelétrica Manuel Alves Ltda.,35535467.37875
PCH,PCH Barrinha,LER,Leilão 3/2016,3.3,1.69,152,222.5,SC,RIO PESQUEIRO,PIE,88935777.6,Mauê S/A – Geradora e Fornecedora de Insumos,26950235.636363637
PCH,PCH Lambari,LER,Leilão 3/2016,4.0,1.86,167,228.0,SC,RIO PESQUEIRO,PIE,100127695.68,Mauê S/A – Geradora e Fornecedora de Insumos,25031923.92
CGH,CGH Médio Garcia,LER,Leilão 3/2016,1.0,0.64,54,223.15,SC,RIO GARCIA,PIE,31687906.97,Hidrelétrica Médio Garcia SPE Ltda.,31687906.97
CGH,CGH Palmeiras,LER,Leilão 3/2016,2.75,1.47,132,214.0,TO,RIO RIBEIRAO BONITO,PIE,74283200.64,Central Hidrelétrica Palmeiras do Tocantins Ltda.,27012072.96
CGH,CGH Paraíso,LER,Leilão 3/2016,1.0,0.61,52,223.15,SC,RIO DAS FLORES,PIE,30514280.78,Hidrelétrica Paraíso SPE Ltda. ,30514280.78
PCH,PCH Ponte Branca,LER,Leilão 3/2016,10.172,5.81,523,220.0,SP,RIO PARDO,PIE,302570980.8,PB Produção de Energia Elétrica EIRELI – ME,29745475.894612662
PCH,PCH Poço Fundo,LER,Leilão 3/2016,14.0,7.2,648,234.7,RJ,RIO PRETO,PIE,399936460.61,Poço Fundo Energia S.A,28566890.04357143
PCH,PCH Ponte Serrada,LER,Leilão 3/2016,4.1,1.78,157,232.49,SC,RIO CHAPECOZINHO,PIE,95985765.6,Ponte Serrada Geração de Energia S.A ,23411162.341463417
CGH,CGH João Franco,LER,Leilão 3/2016,1.0,0.68,59,205.0,MG,RIO MACHADO,PIE,31805979.6,Porto Energética Ltda.,31805979.6
PCH,PCH Pulo,LER,Leilão 3/2016,7.3,4.43,389,228.5,PR,RIO IAPO,PIE,233743051.32,Hidrelétrica Pulo Ltda.,32019596.071232878
PCH,PCH Rincão,LER,Leilão 3/2016,10.0,4.6,404,228.0,RS,RIO IJUIZINHO,PIE,242225084.16,Rincão Energia S.A.,24222508.416
CGH,CGH Enxadrista,LER,Leilão 3/2016,1.0,0.62,55,207.0,PR,RIO DAS PEDRAS,PIE,29938906.8,Energética Rio das Pedras SPE Ltda.,29938906.8
CGH,CGH Santana do Deserto I,LER,Leilão 3/2016,1.6,1.07,96,227.9,MG,RIO RIBEIRAO CAGUINCHO,PIE,57533190.91,Central Geradora Hidroelétrica Santana do Deserto Ltda.,35958244.318749994
CGH,CGH Sirivera,LER,Leilão 3/2016,1.8,1.37,123,209.0,TO,RIO RIBEIRAO BONITO,PIE,67601183.76,Central Hidrelétrica Sirivera Ltda.,37556213.2
CGH,CGH Sucuri,LER,Leilão 3/2016,2.75,1.35,121,214.0,TO,RIO RIBEIRAO BONITO,PIE,68092933.92,Central Hidrelétrica Sucuri Ltda.,24761066.88
PCH, PCH Tamboril,LER,Leilão 3/2016,15.8,7.42,668,232.5,GO,RIO SAO BARTOLOMEU,PIE,408415600.8,"Consórcio TRD e COBRAPAR: TRD Participações Ltda.  – 99,99%; Companhia Brasileira de Engenharia, Participações e Negócios – COBRAPAR – 0,01%",25849088.658227846
CGH,SANTA LUZIA,A-4,Leilão 04/2017,1.512,0.91,8,179.0,ES,RIO CONCORDIA,PIE,8078040.0,Enervix Energias do Espírito Santo Ltda.,5342619.047619048
PCH,BURITI,A-4,Leilão 04/2017,10.0,8.59,50,182.05,MT,RIO BURITI,PIE,23022300.0,Hidrelétrica Focking S.A.,2302230.0
BION,JALLES MACHADO,A-4,Leilão 04/2017,25.0,8.6,86,234.92,GO,BAGAÇO DE CANA,PIE,44160000.0,Jalles Machado S.A.,1766400.0
UEE,VILA PARAIBA II,A-4,Leilão 04/2017,32.0,19.2,177,108.0,RN,VENTO,PIE,87173010.0,"Consórcio Voltália VP II:
Voltalia Energia do Brasil Ltda. – 10%
Voltalia S.A. 90%",2724156.5625
UEE,VILA PARAIBA III,A-4,Leilão 04/2017,32.0,18.8,179,108.0,RN,VENTO,PIE,174346010.0,"Consórcio Voltália VP III:
Voltalia Energia do Brasil Ltda. – 10%
Voltalia S.A. – 90%",5448312.8125
UES,AGUA VERMELHA IV,A-4,Leilão 04/2017,15.0,4.0,40,145.49,SP,SOL,PIE,174346010.0,AES Tietê,11623067.333333334
UES,AGUA VERMELHA V,A-4,Leilão 04/2017,30.0,7.9,79,145.49,SP,SOL,PIE,243678800.0,AES Tietê,8122626.666666667
UES,AGUA VERMELHA VI,A-4,Leilão 04/2017,30.0,7.9,79,146.66,SP,SOL,PIE,243678800.0,AES Tietê,8122626.666666667
UES,SÃO GONÇALO 1,A-4,Leilão 04/2017,30.0,10.2,99,146.67,PI,SOL,PIE,243678800.0,"Consórcio EGP Alba Energia:
Alba Energia Ltda. – 0,01%
Enel Green Power Brasil Participações Ltda – 99,9%",8122626.666666667
UES,SÃO GONÇALO 10,A-5,Leilão 04/2018,30.0,10.2,99,145.5,PI,SOL,PIE,243678800.0,"Consórcio EGP Alba Energia:
Alba Energia Ltda. – 0,01%
Enel Green Power Brasil Participações Ltda – 99,9%",8122626.666666667
UES,SÃO GONÇALO 2,A-4,Leilão 04/2017,30.0,10.2,99,146.67,PI,SOL,PIE,243678800.0,"Consórcio EGP Alba Energia:
Alba Energia Ltda. – 0,01%
Enel Green Power Brasil Participações Ltda – 99,9%",8122626.666666667
UES,SÃO GONÇALO 21,A-4,Leilão 04/2017,30.0,10.2,99,145.99,PI,SOL,PIE,243678800.0,"Consórcio EGP Alba Energia:
Alba Energia Ltda. – 0,01%
Enel Green Power Brasil Participações Ltda – 99,9%",8122626.666666667
UES,SÃO GONÇALO 22,A-4,Leilão 04/2017,30.0,10.2,99,145.0,PI,SOL,PIE,243678800.0,"Consórcio EGP Alba Energia:
Alba Energia Ltda. – 0,01%
Enel Green Power Brasil Participações Ltda – 99,9%",8122626.666666667
UES,SÃO GONÇALO 3,A-4,Leilão 04/2017,30.0,10.2,99,146.67,PI,SOL,PIE,243678800.0,"Consórcio EGP Alba Energia:
Alba Energia Ltda. – 0,01%
Enel Green Power Brasil Participações Ltda – 99,9%",8122626.666666667
UES,SÃO GONÇALO 4,A-4,Leilão 04/2017,30.0,10.2,99,146.67,PI,SOL,PIE,243678800.0,"Consórcio EGP Alba Energia:
Alba Energia Ltda. – 0,01%
Enel Green Power Brasil Participações Ltda – 99,9%",8122626.666666667
UES,SÃO GONÇALO 5,A-4,Leilão 04/2017,30.0,10.2,99,146.67,PI,SOL,PIE,243678800.0,"Consórcio EGP Alba Energia:
Alba Energia Ltda. – 0,01%
Enel Green Power Brasil Participações Ltda – 99,9%",8122626.666666667
UES,SOLAR SALGUEIRO,A-4,Leilão 04/2017,30.0,8.6,86,143.7,PE,SOL,PIE,149000000.0,"Consórcio Solar Salgueiro:
Lira Empreendimentos Ltda. – 0,01%
Canadian Solar Inc. – 99,9%",4966666.666666667
UES,SOLAR SALGUEIRO II,A-4,Leilão 04/2017,30.0,8.8,88,145.98,PE,SOL,PIE,149000000.0,"Consórcio Solar Salgueiro:
Lira Empreendimentos Ltda. – 0,01%
Canadian Solar Inc. – 99,9%",4966666.666666667
UES,SOLAR SALGUEIRO III,A-4,Leilão 04/2017,30.0,8.8,88,146.66,PE,SOL,PIE,149000000.0,"Consórcio Solar Salgueiro:
Lira Empreendimentos Ltda. – 0,01%
Canadian Solar Inc. – 99,9%",4966666.666666667
UES,SERTÃO SOLAR BARREIRAS I,A-4,Leilão 04/2017,28.0,6.8,68,143.5,BA,SOL,PIE,154652000.0,"Consórcio Solar do Sertão:
Steelcons Empreiteira Construção Civil Ltda. – 99,99%
Sertão Brasil Energia Solar EIRELI – 0,01%",5523285.714285715
UES,SERTÃO SOLAR BARREIRAS II,A-4,Leilão 04/2017,28.0,6.8,68,143.5,BA,SOL,PIE,154652000.0,"Consórcio Solar do Sertão:
Steelcons Empreiteira Construção Civil Ltda. – 99,99%
Sertão Brasil Energia Solar EIRELI – 0,01%",5523285.714285715
UES,SERTÃO SOLAR BARREIRAS III,A-4,Leilão 04/2017,28.0,6.8,68,146.9,BA,SOL,PIE,154652000.0,"Consórcio Solar do Sertão:
Steelcons Empreiteira Construção Civil Ltda. – 99,99%
Sertão Brasil Energia Solar EIRELI – 0,01%",5523285.714285715
UES,SERTÃO SOLAR BARREIRAS IV,A-4,Leilão 04/2017,28.0,6.8,68,146.9,BA,SOL,PIE,154652000.0,"Consórcio Solar do Sertão:
Steelcons Empreiteira Construção Civil Ltda. – 99,99%
Sertão Brasil Energia Solar EIRELI – 0,01%",5523285.714285715
UES,BRIGIDA,A-4,Leilão 04/2017,27.0,8.9,89,144.9,PE,SOL,PIE,190470790.0,"Consórcio Solatio Sindustrial Brígida:
Sindustrial Engenharia Ltda. – 99,99%
Tropical Serviços Administrativos Ltda. – 0,01%",7054473.703703703
UES,BRIGIDA 2,A-4,Leilão 04/2017,30.0,8.9,89,143.6,PE,SOL,PIE,212700770.0,"Consórcio Solatio Sindustrial Brígida 2:
Sindustrial Engenharia Ltda. -99,99%
Cajazeiros Serviços Administrativos Ltda – 0, 01%",7090025.666666667
PCH,PERDIDOS,A-6,Leilão 05/2017,28.0,16.42,164,218.88,MT ,RIO CLARO ,PIE,191412330.0,EECO Jacutinga Empreendimentos Energéticos do Centro Oeste S.A.,6836154.642857143
PCH,FORQUILHA IV,A-6,Leilão 05/2017,13.0,5.64,50,218.29,RS ,RIO FORQUILHA OU IVANHANDAVA ,PIE,73913000.0,Central Geradora Hidrelétrica Forquilha Ltda.,5685615.384615385
PCH,TUPITINGA,A-6,Leilão 05/2017,24.0,10.47,97,218.47,SC ,RIO SANTA CRUZ ,PIE,56925450.0,Companhia RPEE Energia,2371893.75
PCH,SAO CARLOS,A-6,Leilão 05/2017,14.525,7.73,45,218.19,SC ,RIO DO PEIXE ,PIE,76252120.0,São Carlos Energia Ltda.,5249715.662650602
PCH,FOZ DO ESTRELA,A-6,Leilão 05/2017,29.5,17.57,175,220.74,PR ,RIO IRATIM ,PIE,289917000.0,São Luiz Energética,9827694.915254237
PCH,VERDE 08,A-6,Leilão 05/2017,30.0,18.7,182,218.89,GO ,RIO VERDE ,PIE,0.0,Verde 08 Energia S.A.,0.0
UTE,BIOENERGETICA AROEIRA 2,A-6,Leilão 05/2017,27.0,13.4,115,215.02,MG ,BAGAÇO DE CANA ,PIE,80870000.0,Bioenergética Aroeira S.A.,2995185.185185185
UTE,CAMBARA,A-6,Leilão 05/2017,50.0,46.1,451,218.43,RS ,"CAVACO 
RESÍDUO DE MADEIRA ",PIE,180060000.0,Consórcio Cambará: Omega Engenharia Ltda e Urbana Participações Imobiliárias Ltda,3601200.0
UTE,COLORADO,A-6,Leilão 05/2017,3.955,2.9,10,216.0,SP ,BAGAÇO DE CANA ,PIE,17756000.0,Açúcar e Álcool Oswaldo Ribeiro de Mendonça Ltda.,4489506.953223768
UTE,PITANGUEIRAS,A-6,Leilão 05/2017,25.0,14.7,147,215.42,SP ,BAGAÇO DE CANA ,PIE,70000000.0,Pitangueiras Acúcar e Álcool S.A.,2800000.0
UTE,PLANALTO BIOENERGIA,A-6,Leilão 05/2017,50.0,24.6,206,216.1,SP ,BAGAÇO DE CANA ,PIE,131340000.0,Planalto Bioenergia Ltda.,2626800.0
UTE,VALE DO PONTAL 2,A-6,Leilão 05/2017,21.1,10.8,97,215.25,MG ,BAGAÇO DE CANA ,PIE,51350000.0,Vale do Pontal Açúcar e Álcool Ltda.,2433649.289099526
UTE,VALE AZUL II,A-6,Leilão 05/2017,466.313,420.9,4.209,211.9,RJ,GÁS NATURAL,PIE,1226000000.0,"Consórcio Marlim Azul:
Mitsubishi Hitachi Power Systems Americas, INC – 99,98% 
MH Power Systems América Latina Representações Ltda. – 0,01%
Vale Azul Energia Ltda. – 0,01%",2629135.36615964
EOL,AVENTURA II,A-6,Leilão 05/2017,21.0,13.0,117,97.0,RN,VENTO,PIE,123588460.0,Central Eólica Aventura II S.A.,5885164.761904762
EOL,AVENTURA III,A-6,Leilão 05/2017,22.575,14.3,128,97.0,RN,VENTO,PIE,134704750.0,Central Eólica Aventura II S.A.,5966987.8183831675
EOL,AVENTURA IV,A-6,Leilão 05/2017,26.25,15.6,141,97.0,RN,VENTO,PIE,153847000.0,"Consórcio Aventura IV: EDP Renováveis Brasil S.A. – 99,99%,  Casa dos Ventos Energias Renováveis S.A. – 0,01",5860838.095238095
EOL,AVENTURA V,A-6,Leilão 05/2017,27.3,16.6,150,97.0,RN,VENTO,PIE,158875000.0,"Consórcio Aventura V:  EDP Renováveis Brasil S.A. – 99,99%,  Casa dos Ventos Energias Renováveis S.A. – 0,01%",5819597.069597069
EOL,OURO BRANCO 1,A-6,Leilão 05/2017,30.0,13.9,132,99.0,PE,VENTO,PIE,0.0,"Consórcio Quatro Ventos e Ouro Branco: Eólica Tecnologia Ltda., Eólica Energia Ltda. e European Energy AS",0.0
EOL,OURO BRANCO 2,A-6,Leilão 05/2017,30.0,14.7,139,100.0,PE,VENTO,PIE,0.0,"Consórcio Quatro Ventos e Ouro Branco: Eólica Tecnologia Ltda., Eólica Energia Ltda. e European Energy AS",0.0
EOL,QUATRO VENTOS,A-6,Leilão 05/2017,22.0,9.4,89,100.0,PE,VENTO,PIE,0.0,"Consórcio Quatro Ventos e Ouro Branco: Eólica Tecnologia Ltda., Eólica Energia Ltda. e European Energy AS",0.0
EOL,SANTA ROSA E MUNDO NOVO I,A-6,Leilão 05/2017,31.5,18.4,165,99.0,RN,VENTO,PIE,190003770.0,EDP Renováveis Brasil S.A.,6031865.714285715
EOL,SANTA ROSA E MUNDO NOVO II,A-6,Leilão 05/2017,31.5,18.8,170,99.0,RN,VENTO,PIE,190003770.0,EDP Renováveis Brasil S.A.,6031865.714285715
EOL,SANTA ROSA E MUNDO NOVO III,A-6,Leilão 05/2017,31.5,20.0,180,99.0,RN,VENTO,PIE,190003770.0,EDP Renováveis Brasil S.A.,6031865.714285715
EOL,SANTA ROSA E MUNDO NOVO IV,A-6,Leilão 05/2017,12.6,8.3,75,99.0,RN,VENTO,PIE,76001500.0,EDP Renováveis Brasil S.A.,6031865.079365079
EOL,SANTA ROSA E MUNDO NOVO V,A-6,Leilão 05/2017,14.7,9.0,81,99.0,RN,VENTO,PIE,88668420.0,EDP Renováveis Brasil S.A.,6031865.306122449
EOL,VENTOS DE SANTA ANGELA 01,A-6,Leilão 05/2017,30.0,16.8,156,100.0,PI,VENTO,PIE,165000000.0,"Consórcio EGP Santa Ângela: Enel Green Power Brasil Participações Ltda – 99,99%, Ventos de Santa Ângela Energias Renováveis S.A – 0,01",5500000.0
EOL,VENTOS DE SANTA ANGELA 02,A-6,Leilão 05/2017,30.0,17.5,164,99.2,PI,VENTO,PIE,165000000.0,"Consórcio EGP Santa Ângela: Enel Green Power Brasil Participações Ltda – 99,99%, Ventos de Santa Ângela Energias Renováveis S.A – 0,02",5500000.0
EOL,VENTOS DE SANTA ANGELA 03,A-6,Leilão 05/2017,30.0,16.9,160,99.0,PI,VENTO,PIE,165000000.0,"Consórcio EGP Santa Ângela: Enel Green Power Brasil Participações Ltda – 99,99%, Ventos de Santa Ângela Energias Renováveis S.A – 0,03",5500000.0
EOL,VENTOS DE SANTA ANGELA 04,A-6,Leilão 05/2017,30.0,16.4,154,97.5,PI,VENTO,PIE,165000000.0,"Consórcio EGP Santa Ângela: Enel Green Power Brasil Participações Ltda – 99,99%, Ventos de Santa Ângela Energias Renováveis S.A – 0,04",5500000.0
EOL,VENTOS DE SANTA ANGELA 05,A-6,Leilão 05/2017,30.0,16.3,163,97.21,PI,VENTO,PIE,165000000.0,"Consórcio EGP Santa Ângela: Enel Green Power Brasil Participações Ltda – 99,99%, Ventos de Santa Ângela Energias Renováveis S.A – 0,05",5500000.0
EOL,VENTOS DE SANTA ANGELA 06,A-6,Leilão 05/2017,30.0,17.5,162,100.0,PI,VENTO,PIE,165000000.0,"Consórcio EGP Santa Ângela: Enel Green Power Brasil Participações Ltda – 99,99%, Ventos de Santa Ângela Energias Renováveis S.A – 0,06",5500000.0
EOL,VENTOS DE SANTA ANGELA 07,A-6,Leilão 05/2017,30.0,17.7,120,97.03,PI,VENTO,PIE,165000000.0,"Consórcio EGP Santa Ângela: Enel Green Power Brasil Participações Ltda – 99,99%, Ventos de Santa Ângela Energias Renováveis S.A – 0,07",5500000.0
EOL,VENTOS DE SANTA ANGELA 08,A-6,Leilão 05/2017,30.0,17.3,149,97.21,PI,VENTO,PIE,165000000.0,"Consórcio EGP Santa Ângela: Enel Green Power Brasil Participações Ltda – 99,99%, Ventos de Santa Ângela Energias Renováveis S.A – 0,08",5500000.0
EOL,VENTOS DE SANTA ANGELA 09,A-6,Leilão 05/2017,30.0,16.6,145,97.21,PI,VENTO,PIE,165000000.0,"Consórcio EGP Santa Ângela: Enel Green Power Brasil Participações Ltda – 99,99%, Ventos de Santa Ângela Energias Renováveis S.A – 0,09",5500000.0
EOL,VENTOS DE SANTA ANGELA 10,A-6,Leilão 05/2017,30.0,16.0,140,97.21,PI,VENTO,PIE,165000000.0,"Consórcio EGP Santa Ângela: Enel Green Power Brasil Participações Ltda – 99,99%, Ventos de Santa Ângela Energias Renováveis S.A – 0,10",5500000.0
EOL,VENTOS DE SANTA ANGELA 11,A-6,Leilão 05/2017,30.0,15.4,133,97.03,PI,VENTO,PIE,165000000.0,"Consórcio EGP Santa Ângela: Enel Green Power Brasil Participações Ltda – 99,99%, Ventos de Santa Ângela Energias Renováveis S.A – 0,11",5500000.0
EOL,VENTOS DE SANTA ANGELA 14,A-6,Leilão 05/2017,30.0,16.1,138,99.0,PI,VENTO,PIE,165000000.0,"Consórcio EGP Santa Ângela: Enel Green Power Brasil Participações Ltda – 99,99%, Ventos de Santa Ângela Energias Renováveis S.A – 0,12",5500000.0
EOL,VENTOS DE SANTA ANGELA 15,A-6,Leilão 05/2017,30.0,16.0,152,100.0,PI,VENTO,PIE,165000000.0,"Consórcio EGP Santa Ângela: Enel Green Power Brasil Participações Ltda – 99,99%, Ventos de Santa Ângela Energias Renováveis S.A – 0,13",5500000.0
EOL,VENTOS DE SANTA ANGELA 17,A-6,Leilão 05/2017,30.0,17.0,153,97.2,PI,VENTO,PIE,165000000.0,"Consórcio EGP Santa Ângela: Enel Green Power Brasil Participações Ltda – 99,99%, Ventos de Santa Ângela Energias Renováveis S.A – 0,14",5500000.0
EOL,VENTOS DE SANTA ANGELA 19,A-6,Leilão 05/2017,30.0,16.9,142,97.2,PI,VENTO,PIE,165000000.0,"Consórcio EGP Santa Ângela: Enel Green Power Brasil Participações Ltda – 99,99%, Ventos de Santa Ângela Energias Renováveis S.A – 0,15",5500000.0
EOL,VENTOS DE SANTA ANGELA 20,A-6,Leilão 05/2017,30.0,16.1,156,100.0,PI,VENTO,PIE,165000000.0,"Consórcio EGP Santa Ângela: Enel Green Power Brasil Participações Ltda – 99,99%, Ventos de Santa Ângela Energias Renováveis S.A – 0,16",5500000.0
EOL,VENTOS DE SANTA ANGELA 21,A-6,Leilão 05/2017,30.0,15.4,136,100.0,PI,VENTO,PIE,165000000.0,"Consórcio EGP Santa Ângela: Enel Green Power Brasil Participações Ltda – 99,99%, Ventos de Santa Ângela Energias Renováveis S.A – 0,17",5500000.0
EOL,ZEUS II,A-6,Leilão 05/2017,30.0,17.5,159,97.0,BA,VENTO,PIE,180000000.0,"Consórcio EGP Sowitec Zeus:
Enel Green Power Brasil Participações Ltda – 99,9%
Parque Eólico Zeus Ltda. – 0,01% ",6000000.0
EOL,VENTOS DE SANTA ESPERANCA 13,A-6,Leilão 05/2017,27.0,16.4,109,99.28,BA,VENTO,PIE,148496000.0,"Consórcio EGP Santa Esperança:
Enel Green Power Brasil Participações Ltda – 99,9%
Ventos de Santa Esperança Energias Renováveis S.A. – 0,01% ",5499851.851851852
EOL,VENTOS DE SANTA ESPERANCA 15,A-6,Leilão 05/2017,27.0,16.3,106,99.24,BA,VENTO,PIE,148496000.0,"Consórcio EGP Santa Esperança:
Enel Green Power Brasil Participações Ltda – 99,9%
Ventos de Santa Esperança Energias Renováveis S.A. – 0,01% ",5499851.851851852
EOL,VENTOS DE SANTA ESPERANCA 17,A-6,Leilão 05/2017,24.0,11.0,99,99.15,BA,VENTO,PIE,131997000.0,"Consórcio EGP Santa Esperança:
Enel Green Power Brasil Participações Ltda – 99,9%
Ventos de Santa Esperança Energias Renováveis S.A. – 0,01% ",5499875.0
EOL,CANOAS 2,A-6,Leilão 05/2017,33.6,17.3,159,100.02,PB,VENTO,PIE,271089250.0,Força Eólica do Brasil S.A.,8068132.44047619
EOL,CANOAS 4,A-6,Leilão 05/2017,33.6,16.7,155,100.02,PB,VENTO,PIE,271089250.0,Força Eólica do Brasil S.A.,8068132.44047619
EOL,CHAFARIZ 1,A-6,Leilão 05/2017,31.5,17.7,170,100.01,PB,VENTO,PIE,254146170.0,Força Eólica do Brasil S.A.,8068132.380952381
EOL,CHAFARIZ 2,A-6,Leilão 05/2017,33.6,17.5,170,100.01,PB,VENTO,PIE,271089250.0,Força Eólica do Brasil S.A.,8068132.44047619
EOL,CHAFARIZ 3,A-6,Leilão 05/2017,31.5,18.1,172,100.01,PB,VENTO,PIE,254146170.0,Força Eólica do Brasil S.A.,8068132.380952381
EOL,CHAFARIZ 6,A-6,Leilão 05/2017,29.4,15.2,144,100.01,PB,VENTO,PIE,237203100.0,Força Eólica do Brasil S.A.,8068132.653061225
EOL,CHAFARIZ 7,A-6,Leilão 05/2017,33.6,19.0,177,100.01,PB,VENTO,PIE,271089250.0,Força Eólica do Brasil S.A.,8068132.44047619
EOL,LAGOA 3,A-6,Leilão 05/2017,33.6,18.3,169,100.02,PB,VENTO,PIE,271089250.0,Força Eólica do Brasil S.A.,8068132.44047619
EOL,LAGOA 4,A-6,Leilão 05/2017,21.0,11.7,101,100.02,PB,VENTO,PIE,169430780.0,Força Eólica do Brasil S.A.,8068132.380952381
EOL,DELTA 5 I,A-6,Leilão 05/2017,22.5,11.7,102,97.03,MA,VENTO,PIE,133373640.0,Omega Desenvolvimento de Energia do Maranhão S.A.,5927717.333333333
EOL,DELTA 5 IV,A-6,Leilão 05/2017,27.5,14.6,130,97.02,MA,VENTO,PIE,163012250.0,Omega Desenvolvimento de Energia do Maranhão S.A.,5927718.181818182
EOL,DELTA 5 V,A-6,Leilão 05/2017,22.5,13.3,120,97.01,MA,VENTO,PIE,133373640.0,Omega Desenvolvimento de Energia do Maranhão S.A.,5927717.333333333
EOL,DELTA 5 X,A-6,Leilão 05/2017,22.5,12.1,119,97.0,MA,VENTO,PIE,133373670.0,Omega Desenvolvimento de Energia do Maranhão S.A.,5927718.666666667
EOL,VILA ACRE II,A-6,Leilão 05/2017,27.3,16.6,155,99.9,RN,VENTO,PIE,152462500.0,Consórcio Voltalia FIL AC: Voltalia S.A. e Voltalia Energia do Brasil,5584706.959706959
EOL,VILA PARAIBA I,A-6,Leilão 05/2017,32.0,19.9,158,96.9,RN,VENTO,PIE,178681650.0,Consórcio Voltalia PB: Voltalia S.A. e Voltalia Energia do Brasil,5583801.5625
EOL,VILA PARAIBA IV,A-6,Leilão 05/2017,32.0,18.8,154,96.9,RN,VENTO,PIE,178681650.0,Consórcio Voltalia PB: Voltalia S.A. e Voltalia Energia do Brasil,5583801.5625
CGH,BURITIZAL,A-4,Leilão 01/2018,5.0,4.57,45,198.35,MT,RIO BUTIRIZAL,PIE,51238190.0,Hidroelétrica Buritizal Ltda.,10247638.0
CGH,CHALE,A-4,Leilão 01/2018,2.1,1.36,12,197.27,MG,RIO JOSÉ PEDRO,PIE,13216000.0,Central Geradora Hidroelétrica Chalé Ltda.,6293333.333333333
PCH,QUEBRA DENTES,A-4,Leilão 01/2018,22.36,11.29,90,198.47,RS,RIO TOROPI,PIE,115743660.0,Quevedos Energética S.A.,5176371.198568873
PCH,SALTO DO GUASSUPI,A-4,Leilão 01/2018,12.199,6.27,50,197.47,RS,RIO GUASSUPI,PIE,70128240.0,Salto do Guassupi Energética S.A.,5748687.597344045
UTE,ALCON,A-4,Leilão 01/2018,21.8,40.0,77,198.96,ES,BAGAÇO DE CANA,PIE,93400000.0,ALCON – Companhia de Álcool Conceição da Barra,4284403.669724771
UTE,CERRADAO 2,A-4,Leilão 01/2018,40.0,40.0,94,198.92,MG,BAGAÇO DE CANA,PIE,21000000.0,Usina Cerradão Ltda.,525000.0
EOL,VENTOS DE SAO JANUARIO 01,A-4,Leilão 01/2018,28.6,15.4,255,67.6,BA,VENTO,PIE,157301000.0,"Consórcio Folha Larga:
EDF EN do Brasil Participações Ltda. – 99,99%
Ventos de São Januário Energias Renováveis S.A.– 0,01%",5500034.9650349645
EOL,VENTOS DE SAO JANUARIO 04,A-4,Leilão 01/2018,28.6,14.9,255,67.6,BA,VENTO,PIE,157301000.0,"Consórcio Folha Larga:
EDF EN do Brasil Participações Ltda. – 99,99%
Ventos de São Januário Energias Renováveis S.A.– 0,01%",5500034.9650349645
EOL,VENTOS DE SAO JANUARIO 13,A-4,Leilão 01/2018,28.6,13.7,255,67.6,BA,VENTO,PIE,157301000.0,"Consórcio Folha Larga:
EDF EN do Brasil Participações Ltda. – 99,99%
Ventos de São Januário Energias Renováveis S.A.– 0,01%",5500034.9650349645
EOL,VENTOS DE SAO JANUARIO 14,A-4,Leilão 01/2018,28.6,13.7,255,67.6,BA,VENTO,PIE,157301000.0,"Consórcio Folha Larga:
EDF EN do Brasil Participações Ltda. – 99,99%
Ventos de São Januário Energias Renováveis S.A.– 0,01%",5500034.9650349645
UFV,ALEX I,A-4,Leilão 01/2018,30.0,10.2,100,118.0,CE,SOL,PIE,146000000.0,"Consórcio Alex – Limoeiro do Norte:
Steelcons Empreiteira Construção Civil Ltda.– 99,99%
Energia Renováveis do Apodi Ltda.– 0,01%",4866666.666666667
UFV,ALEX III,A-4,Leilão 01/2018,30.0,10.2,100,118.0,CE,SOL,PIE,137500000.0,"Consórcio Alex – Limoeiro do Norte:
Steelcons Empreiteira Construção Civil Ltda.– 99,99%
Energia Renováveis do Apodi Ltda.– 0,01%",4583333.333333333
UFV,ALEX IV,A-4,Leilão 01/2018,30.0,10.2,100,118.0,CE,SOL,PIE,137500000.0,"Consórcio Alex – Limoeiro do Norte:
Steelcons Empreiteira Construção Civil Ltda.– 99,99%
Energia Renováveis do Apodi Ltda.– 0,01%",4583333.333333333
UFV,ALEX IX,A-4,Leilão 01/2018,30.0,10.2,100,118.39,CE,SOL,PIE,137500000.0,"Consórcio Alex – Limoeiro do Norte:
Steelcons Empreiteira Construção Civil Ltda.– 99,99%
Energia Renováveis do Apodi Ltda.– 0,01%",4583333.333333333
UFV,ALEX V,A-4,Leilão 01/2018,30.0,10.2,100,118.0,CE,SOL,PIE,137500000.0,"Consórcio Alex – Limoeiro do Norte:
Steelcons Empreiteira Construção Civil Ltda.– 99,99%
Energia Renováveis do Apodi Ltda.– 0,01%",4583333.333333333
UFV,ALEX VI,A-4,Leilão 01/2018,30.0,10.2,100,118.0,CE,SOL,PIE,137500000.0,"Consórcio Alex – Limoeiro do Norte:
Steelcons Empreiteira Construção Civil Ltda.– 99,99%
Energia Renováveis do Apodi Ltda.– 0,01%",4583333.333333333
UFV,ALEX VII,A-4,Leilão 01/2018,30.0,10.2,100,118.39,CE,SOL,PIE,137500000.0,"Consórcio Alex – Limoeiro do Norte:
Steelcons Empreiteira Construção Civil Ltda.– 99,99%
Energia Renováveis do Apodi Ltda.– 0,01%",4583333.333333333
UFV,ALEX VIII,A-4,Leilão 01/2018,30.0,10.2,100,118.25,CE,SOL,PIE,137500000.0,"Consórcio Alex – Limoeiro do Norte:
Steelcons Empreiteira Construção Civil Ltda.– 99,99%
Energia Renováveis do Apodi Ltda.– 0,01%",4583333.333333333
UFV,ALEX X,A-4,Leilão 01/2018,30.0,10.2,100,118.39,CE,SOL,PIE,137500000.0,"Consórcio Alex – Limoeiro do Norte:
Steelcons Empreiteira Construção Civil Ltda.– 99,99%
Energia Renováveis do Apodi Ltda.– 0,01%",4583333.333333333
UFV,ETESA 17 SAO JOAO DO PIAUI I,A-4,Leilão 01/2018,29.976,8.4,67,117.8,PI,SOL,PIE,169885000.0,Celeo Redes Brasil S.A.,5667367.227115026
UFV,ETESA 18 SAO JOAO DO PIAUI II,A-4,Leilão 01/2018,29.976,8.4,67,117.8,PI,SOL,PIE,169885000.0,Celeo Redes Brasil S.A.,5667367.227115026
UFV,ETESA 19 SAO JOAO DO PIAUI III,A-4,Leilão 01/2018,29.976,8.4,67,117.8,PI,SOL,PIE,169885000.0,Celeo Redes Brasil S.A.,5667367.227115026
UFV,ETESA 20 SAO JOAO DO PIAUI IV,A-4,Leilão 01/2018,29.976,8.4,67,117.8,PI,SOL,PIE,169885000.0,Celeo Redes Brasil S.A.,5667367.227115026
UFV,ETESA 21 SAO JOAO DO PIAUI V,A-4,Leilão 01/2018,29.976,8.4,67,117.8,PI,SOL,PIE,169885000.0,Celeo Redes Brasil S.A.,5667367.227115026
UFV,ETESA 22 SAO JOAO DO PIAUI VI,A-4,Leilão 01/2018,29.976,8.4,67,117.8,PI,SOL,PIE,169885000.0,Celeo Redes Brasil S.A.,5667367.227115026
UFV,FRANCISCO SA 1,A-4,Leilão 01/2018,30.0,9.1,91,117.91,MG,SOL,PIE,131323430.0,"Consórcio Francisco Sá:
Canadian Solar Inc.– 99,99%
Solatio Brasil Gestão de Projetos Solares Ltda.– 0,01%",4377447.666666667
UFV,FRANCISCO SA 2,A-4,Leilão 01/2018,30.0,9.1,91,118.35,MG,SOL,PIE,131323430.0,"Consórcio Francisco Sá:
Canadian Solar Inc.– 99,99%
Solatio Brasil Gestão de Projetos Solares Ltda.– 0,01%",4377447.666666667
UFV,FRANCISCO SA 3,A-4,Leilão 01/2018,30.0,9.1,91,118.35,MG,SOL,PIE,131323430.0,"Consórcio Francisco Sá:
Canadian Solar Inc.– 99,99%
Solatio Brasil Gestão de Projetos Solares Ltda.– 0,01%",4377447.666666667
UFV,SOLAR JAIBA 3,A-4,Leilão 01/2018,29.94,8.4,84,118.4,MG,SOL,PIE,160381250.0,"Consórcio Jaíba:
Canadian Solar Inc.– 99,99%
CEI Solar Empreendimentos Energéticos S.A.– 0,01%",5356755.177020708
UFV,SOLAR JAIBA 4,A-4,Leilão 01/2018,29.94,8.4,84,118.4,MG,SOL,PIE,160381250.0,"Consórcio Jaíba:
Canadian Solar Inc.– 99,99%
CEI Solar Empreendimentos Energéticos S.A.– 0,01%",5356755.177020708
UFV,SOLAR JAIBA 9,A-4,Leilão 01/2018,20.0,5.5,55,117.81,MG,SOL,PIE,106920830.0,"Consórcio Jaíba:
Canadian Solar Inc.– 99,99%
CEI Solar Empreendimentos Energéticos S.A.– 0,01%",5346041.5
UFV,LAVRAS 1,A-4,Leilão 01/2018,24.0,6.2,62,118.01,CE,SOL,PIE,171967150.0,"Consórcio Lavras:
Canadian Solar Inc.– 99,999%
Lavras Geração de Energia Elétrica Ltda. – 0,001%",7165297.916666667
UFV,LAVRAS 2,A-4,Leilão 01/2018,24.0,6.2,62,118.02,CE,SOL,PIE,171967150.0,"Consórcio Lavras:
Canadian Solar Inc.– 99,999%
Lavras Geração de Energia Elétrica Ltda. – 0,001%",7165297.916666667
UFV,LAVRAS 3,A-4,Leilão 01/2018,24.0,6.2,62,118.03,CE,SOL,PIE,171967150.0,"Consórcio Lavras:
Canadian Solar Inc.– 99,999%
Lavras Geração de Energia Elétrica Ltda. – 0,001%",7165297.916666667
UFV,LAVRAS 4,A-4,Leilão 01/2018,24.0,6.2,62,118.04,CE,SOL,PIE,171967150.0,"Consórcio Lavras:
Canadian Solar Inc.– 99,999%
Lavras Geração de Energia Elétrica Ltda. – 0,001%",7165297.916666667
UFV,LAVRAS 5,A-4,Leilão 01/2018,24.0,6.2,62,118.05,CE,SOL,PIE,171967150.0,"Consórcio Lavras:
Canadian Solar Inc.– 99,999%
Lavras Geração de Energia Elétrica Ltda. – 0,001%",7165297.916666667
UFV,SAO PEDRO E PAULO V,A-4,Leilão 01/2018,20.952,5.5,55,118.23,PE,SOL,PIE,105523700.0,"Consórcio São Pedro e Paulo: Êxito Importadora e Exportadora S.A. (50%) e Kroma Gestão e Serviços em Energia Elétrica Ltda. (líder, 50%) ",5036449.980908743
UFV,SAO PEDRO E PAULO VI,A-4,Leilão 01/2018,20.952,5.5,55,117.63,PE,SOL,PIE,105523700.0,"Consórcio São Pedro e Paulo: Êxito Importadora e Exportadora S.A. (50%) e Kroma Gestão e Serviços em Energia Elétrica Ltda. (líder, 50%) ",5036449.980908743
UFV,SAO PEDRO E PAULO I,A-4,Leilão 01/2018,25.0,6.7,67,117.63,PE,SOL,PIE,125911250.0,São Pedro e Paulo I SPE S.A.,5036450.0
PCH,ANTONIO PRADO,A-6,Leilão 03/2018,1.0,0.8,50,195.99,MT,GUAPORÉ,PIE,56142150.0,Antonio Prado Energia S.A.,56142150.0
CGH,ALTO GUAPORE 2,A-6,Leilão 03/2018,7.0,5.01,8,194.99,MG,GAVIÃO,PIE,7412440.0,Pan Partners Administração Patrimonial Ltda.,1058920.0
UHE,BAIXO IGUACU,A-6,Leilão 03/2018,350.2,171.3,234,151.68,PR,IGUAÇU,PIE,0.0,Geração Céu Azul S.A.,0.0
PCH,BELA VISTA,A-6,Leilão 03/2018,29.0,16.64,"147,00",195.7,PR,CHOPIM,PIE,182023470.0,Consórcio Bela Vista geração: Copel Geração e Transmissão S.A. e Foz do Chopim Energética Ltda,6276671.379310345
PCH,BOA VISTA II,A-6,Leilão 03/2018,16.0,6.9,60,196.66,PR,MARRECAS,PIE,54953000.0,PCH BV II Geração de Energia Ltda,3434562.5
UTE,CASA DE FORCA,A-6,Leilão 03/2018,8.48,2.6,14,179.16,SP,BAGAÇO DE CANA,PIE,11225000.0,Alcoeste Bioenergia Fernandópolis S.A.,1323702.8301886793
EOL,COSTA DAS DUNAS,A-6,Leilão 03/2018,23.1,13.3,40,89.88,RN,VENTO,PIE,170745000.0,SPE Costa das Dunas Energia S.A.,7391558.441558441
CGH,DIAMANTINO,A-6,Leilão 03/2018,3.0,2.22,"13,00",195.0,GO,DIAMANTINO,PIE,16733710.0,Consórcio Energia das Águas 99% e Welt Energia 1%: Energia das Águas SA e WELT Energia Ltda,5577903.333333333
EOL,FAROL DE TOUROS,A-6,Leilão 03/2018,21.0,11.7,36,89.89,RN,VENTO,PIE,159116000.0,SPE Farol De Touros Energia S.A.,7576952.380952381
EOL,FIGUEIRA BRANCA,A-6,Leilão 03/2018,10.5,5.9,18,89.89,RN,VENTO,PIE,90996000.0,SPE Figueira Branca Energia S.A.,8666285.714285715
EOL,GAMELEIRA,A-6,Leilão 03/2018,14.7,8.5,26,89.89,RN,VENTO,PIE,116754000.0,SPE Gameleira Energia S.A.,7942448.979591837
EOL,JERUSALEM I,A-6,Leilão 03/2018,29.4,15.3,46,94.0,RN,VENTO,PIE,167301350.0,EDP Renováveis Brasil S.A.,5690522.108843538
EOL,JERUSALEM II,A-6,Leilão 03/2018,29.4,14.9,45,94.0,RN,VENTO,PIE,167101350.0,EDP Renováveis Brasil S.A.,5683719.3877551025
EOL,JERUSALEM III,A-6,Leilão 03/2018,29.4,16.9,88,94.0,RN,VENTO,PIE,164569750.0,EDP Renováveis Brasil S.A.,5597610.544217687
EOL,JERUSALEM IV,A-6,Leilão 03/2018,29.4,17.0,89,94.0,RN,VENTO,PIE,167301350.0,EDP Renováveis Brasil S.A.,5690522.108843538
EOL,JERUSALEM V,A-6,Leilão 03/2018,29.4,16.2,85,94.0,RN,VENTO,PIE,164569550.0,EDP Renováveis Brasil S.A.,5597603.741496599
EOL,JERUSALEM VI,A-6,Leilão 03/2018,29.4,17.2,99,94.0,RN,VENTO,PIE,164023430.0,EDP Renováveis Brasil S.A.,5579028.231292517
PCH,LACERDOPOLIS,A-6,Leilão 03/2018,9.6,5.47,54,196.0,SC,RIO DO PEIXE,PIE,47993140.0,Lacerdópolis Energética S.A.,4999285.416666667
PCH,LUCIA CHEROBIM,A-6,Leilão 03/2018,28.0,16.57,165,189.95,PR,IGUAÇU,PIE,271983650.0,CPFL Energias Renováveis S.A.,9713701.785714285
EOL,MONTE VERDE I,A-6,Leilão 03/2018,69.3,41.2,"400,00",87.0,RN,VENTO,PIE,238388000.0,"Consórcio Monte Verde I
EDP Renováveis Brasil S.A.
Gestamp Eólica Brasil S.A.",3439942.27994228
EOL,MONTE VERDE II,A-6,Leilão 03/2018,65.84,40.3,"391,00",87.0,RN,VENTO,PIE,227806000.0,"Consórcio Monte Verde II
EDP Renováveis Brasil S.A.
Gestamp Eólica Brasil S.A.",3459993.9246658566
EOL,MONTE VERDE III,A-6,Leilão 03/2018,58.91,33.5,"325,00",87.0,RN,VENTO,PIE,206642000.0,"Consórcio Monte Verde III
EDP Renováveis Brasil S.A.
Gestamp Eólica Brasil S.A.",3507757.59633339
EOL,MONTE VERDE IV,A-6,Leilão 03/2018,34.65,19.7,"91,00",87.0,RN,VENTO,PIE,122818000.0,"Consórcio Monte Verde IV
EDP Renováveis Brasil S.A.
Gestamp Eólica Brasil S.A",3544531.0245310245
EOL,MONTE VERDE V,A-6,Leilão 03/2018,24.26,13.4,"130,00",87.0,RN,VENTO,PIE,87217000.0,"Consórcio Monte Verde V
EDP Renováveis Brasil S.A.
Gestamp Eólica Brasil S.A.",3595094.8062654575
CGH,NOVA PONTE QUEIMADA II,A-6,Leilão 03/2018,3.0,1.94,19,195.0,MG,RIO CASCA,PIE,14196420.0,Energia Limpa Participações Ltda.,4732140.0
CGH,OURO BRANCO,A-6,Leilão 03/2018,4.0,2.85,14,194.99,PR,MOURÃO,PIE,20579510.0,Central Hidrelétrica Ouro Branco Ltda,5144877.5
UTE,PARNAIBA 5A E 5B,A-6,Leilão 03/2018,363.2,326.4,3264,179.98,MA,GÁS NATURAL,PIE,1088794600.0,Parnaíba Geração e Comercialização de Energia S.A.,2997782.488986784
UTE,RIO VERMELHO 3,A-6,Leilão 03/2018,20.0,8.4,84,175.0,SP,BAGAÇO DE CANA,PIE,36929000.0,Glencane Bioenergia S/A,1846450.0
EOL,SAO FERNANDO 2,A-6,Leilão 03/2018,69.3,30.6,"299,00",93.33,RN,VENTO,PIE,346500000.0,"Consórcio Enervento Exterior - EDB - São Fernando
Enerfin do Brasil Sociedade de Energia Ltda
Enerfin Enervento Exterior, S.L.U.
Eólica São Fernando Ltda",5000000.0
PCH,SEDE II,A-6,Leilão 03/2018,6.964,2.89,23,195.97,RS,POTIRIBU,PIE,40473000.0,IJUI Centenaria Geração SPE Ltda,5811746.122917863
EOL,SERRA DA BABILONIA A,A-6,Leilão 03/2018,18.8,8.4,84,88.46,BA,VENTO,PIE,65800000.0,Jardim Botânico Geração De Energia E Participações S/A,3500000.0
EOL,SERRA DA BABILONIA C,A-6,Leilão 03/2018,23.5,11.2,112,88.97,BA,VENTO,PIE,82250000.0,Jardim Botânico Geração De Energia E Participações S/A,3500000.0
EOL,SERRA DA BABILONIA E,A-6,Leilão 03/2018,25.85,11.8,118,88.46,BA,VENTO,PIE,90475000.0,Jardim Botânico Geração De Energia E Participações S/A,3500000.0
EOL,SERRA DA BABILONIA F,A-6,Leilão 03/2018,16.45,7.6,76,88.46,BA,VENTO,PIE,57575000.0,Jardim Botânico Geração De Energia E Participações S/A,3500000.0
EOL,VENTOS DA BAHIA XIII,A-6,Leilão 03/2018,34.5,16.9,127,94.33,BA,VENTO,PIE,190386530.0,"Consórcio VDB F3:
VDB F3 Geração de Energia S.A.
Parque Eólico VDB DEV LTDA",5518450.144927536
EOL,VENTOS DA BAHIA XIV,A-6,Leilão 03/2018,36.8,15.3,59,94.33,BA,VENTO,PIE,203078950.0,"Consórcio VDB F3:
VDB F3 Geração de Energia S.A.
Parque Eólico VDB DEV LTDA",5518449.72826087
EOL,VENTOS DA BAHIA XXIII,A-6,Leilão 03/2018,32.2,17.3,112,94.33,BA,VENTO,PIE,177694090.0,"Consórcio VDB F3:
VDB F3 Geração de Energia S.A.
Parque Eólico VDB DEV LTDA",5518449.999999999
EOL,VENTOS DA BAHIA XXVII,A-6,Leilão 03/2018,25.3,12.4,112,94.33,BA,VENTO,PIE,139616790.0,"Consórcio VDB F3:
VDB F3 Geração de Energia S.A.
Parque Eólico VDB DEV LTDA",5518450.197628458
EOL,VENTOS DE SANTA MARTINA 01,A-6,Leilão 03/2018,8.4,4.7,14,89.0,RN,VENTO,PIE,37800000.0,Ventos de Santa Martina Energias Renováveis S.A.,4500000.0
EOL,VENTOS DE SANTA MARTINA 09,A-6,Leilão 03/2018,8.4,4.8,14,89.0,RN,VENTO,PIE,37800000.0,Ventos de Santa Martina Energias Renováveis S.A.,4500000.0
EOL,VENTOS DE SANTA MARTINA 10,A-6,Leilão 03/2018,8.4,4.8,14,89.0,RN,VENTO,PIE,37800000.0,Ventos de Santa Martina Energias Renováveis S.A.,4500000.0
EOL,VENTOS DE SANTA MARTINA 11,A-6,Leilão 03/2018,8.4,4.7,14,89.0,RN,VENTO,PIE,37800000.0,Ventos de Santa Martina Energias Renováveis S.A.,4500000.0
EOL,VENTOS DE SANTA MARTINA 12,A-6,Leilão 03/2018,8.4,4.6,14,89.0,RN,VENTO,PIE,37800000.0,Ventos de Santa Martina Energias Renováveis S.A.,4500000.0
EOL,VENTOS DE SANTA MARTINA 13,A-6,Leilão 03/2018,8.4,4.0,12,89.0,RN,VENTO,PIE,37800000.0,Ventos de Santa Martina Energias Renováveis S.A.,4500000.0
EOL,VENTOS DE SANTA MARTINA 14,A-6,Leilão 03/2018,8.4,3.9,12,89.0,RN,VENTO,PIE,37800000.0,Ventos de Santa Martina Energias Renováveis S.A.,4500000.0
EOL,VENTOS DE SAO JANUARIO 01,A-6,Leilão 03/2018,28.6,15.3,50,91.33,BA,VENTO,PIE,128700000.0,Parque Eólico Ventos De São Januário 01 S.A.,4500000.0
EOL,VENTOS DE SAO JANUARIO 03,A-6,Leilão 03/2018,29.4,15.4,"97,00",92.11,BA,VENTO,PIE,132301000.0,Consórcio Folha Larga: EDF EN do Brasil Participações Ltda e Ventos de São Januário Energias Renováveis S.A.,4500034.013605443
EOL,VENTOS DE SAO JANUARIO 04,A-6,Leilão 03/2018,28.6,14.9,24,91.33,BA,VENTO,PIE,128700000.0,Parque Eólico Ventos De São Januário 04 S.A.,4500000.0
EOL,VENTOS DE SAO JANUARIO 05,A-6,Leilão 03/2018,29.4,15.5,"131,00",92.11,BA,VENTO,PIE,132301000.0,Consórcio Folha Larga: EDF EN do Brasil Participações Ltda e Ventos de São Januário Energias Renováveis S.A.,4500034.013605443
EOL,VENTOS DE SAO JANUARIO 06,A-6,Leilão 03/2018,29.4,15.5,"110,00",92.11,BA,VENTO,PIE,132301000.0,Consórcio Folha Larga: EDF EN do Brasil Participações Ltda e Ventos de São Januário Energias Renováveis S.A.,4500034.013605443
EOL,VENTOS DE SAO JANUARIO 10,A-6,Leilão 03/2018,29.4,14.6,"113,00",92.11,BA,VENTO,PIE,132301000.0,Consórcio Folha Larga: EDF EN do Brasil Participações Ltda e Ventos de São Januário Energias Renováveis S.A.,4500034.013605443
EOL,VENTOS DE SAO JANUARIO 11,A-6,Leilão 03/2018,29.4,14.5,"110,00",92.11,BA,VENTO,PIE,132301000.0,Consórcio Folha Larga: EDF EN do Brasil Participações Ltda e Ventos de São Januário Energias Renováveis S.A.,4500034.013605443
EOL,VENTOS DE SAO JANUARIO 13,A-6,Leilão 03/2018,28.6,13.7,43,91.33,BA,VENTO,PIE,128700000.0,Parque Eólico Ventos De São Januário 13 S.A.,4500000.0
EOL,VENTOS DE SAO JANUARIO 14,A-6,Leilão 03/2018,28.6,13.7,43,91.33,BA,VENTO,PIE,128700000.0,Parque Eólico Ventos De São Januário 14 S.A.,4500000.0
EOL,VENTOS DE SAO JANUARIO 20,A-6,Leilão 03/2018,8.4,4.1,"12,00",79.0,BA,VENTO,PIE,37800000.0,"Consórcio Ventos de São Januário 20:
Ventos De São Januário Energias Renováveis S.A. e SALUS Fundo de Investimentos em Participações Multiestratégia",4500000.0
EOL,VENTOS DE SAO JANUARIO 21,A-6,Leilão 03/2018,8.4,4.0,"12,00",79.0,BA,VENTO,PIE,37800000.0,"Consórcio Ventos de São Januário 21:
Ventos De São Januário Energias Renováveis S.A. e SALUS Fundo de Investimentos em Participações Multiestratégia",4500000.0
EOL,VENTOS DE SAO JANUARIO 22,A-6,Leilão 03/2018,8.4,4.1,"12,00",79.0,BA,VENTO,PIE,37800000.0,"Consórcio Ventos de São Januário 22:
Ventos De São Januário Energias Renováveis S.A. e SALUS Fundo de Investimentos em Participações Multiestratégia",4500000.0
EOL,VENTOS DE SAO JANUARIO 23,A-6,Leilão 03/2018,8.4,4.0,"12,00",89.0,BA,VENTO,PIE,37800000.0,"Consórcio Ventos de São Januário 23:
Ventos De São Januário Energias Renováveis S.A. e SALUS Fundo de Investimentos em Participações Multiestratégia",4500000.0
EOL,VILA CEARA I,A-6,Leilão 03/2018,22.0,13.4,82,93.0,RN,VENTO,PIE,90227510.0,Voltalia Energia Do Brasil Ltda,4101250.4545454546
EOL,VILA MARANHAO I,A-6,Leilão 03/2018,31.185,15.7,83,93.0,RN,VENTO,PIE,127897510.0,Voltalia Energia Do Brasil Ltda,4101250.921917589
EOL,VILA MARANHAO II,A-6,Leilão 03/2018,31.185,15.4,83,93.0,RN,VENTO,PIE,127897510.0,Voltalia Energia Do Brasil Ltda,4101250.921917589
EOL,VILA MARANHAO III,A-6,Leilão 03/2018,31.185,16.8,82,93.0,RN,VENTO,PIE,127897510.0,Voltalia Energia Do Brasil Ltda,4101250.921917589
